-- MySQL dump 10.11
--
-- Host: localhost    Database: mt80s
-- ------------------------------------------------------
-- Server version	5.0.96-0ubuntu3

/*!40101 SET @OLD_CHARACTER_SET_CLIENT=@@CHARACTER_SET_CLIENT */;
/*!40101 SET @OLD_CHARACTER_SET_RESULTS=@@CHARACTER_SET_RESULTS */;
/*!40101 SET @OLD_COLLATION_CONNECTION=@@COLLATION_CONNECTION */;
/*!40101 SET NAMES utf8 */;
/*!40103 SET @OLD_TIME_ZONE=@@TIME_ZONE */;
/*!40103 SET TIME_ZONE='+00:00' */;
/*!40014 SET @OLD_UNIQUE_CHECKS=@@UNIQUE_CHECKS, UNIQUE_CHECKS=0 */;
/*!40014 SET @OLD_FOREIGN_KEY_CHECKS=@@FOREIGN_KEY_CHECKS, FOREIGN_KEY_CHECKS=0 */;
/*!40101 SET @OLD_SQL_MODE=@@SQL_MODE, SQL_MODE='NO_AUTO_VALUE_ON_ZERO' */;
/*!40111 SET @OLD_SQL_NOTES=@@SQL_NOTES, SQL_NOTES=0 */;

--
-- Table structure for table `channel`
--

DROP TABLE IF EXISTS `channel`;
/*!40101 SET @saved_cs_client     = @@character_set_client */;
/*!40101 SET character_set_client = utf8 */;
CREATE TABLE `channel` (
  `cid` int(11) NOT NULL auto_increment,
  `name` varchar(100) default NULL,
  `users` int(11) NOT NULL default '0',
  `views` int(11) NOT NULL default '0',
  `currentsong` int(11) NOT NULL default '0',
  `checked` timestamp NOT NULL default CURRENT_TIMESTAMP,
  PRIMARY KEY  (`cid`),
  UNIQUE KEY `name` (`name`)
) ENGINE=InnoDB AUTO_INCREMENT=2 DEFAULT CHARSET=latin1;
/*!40101 SET character_set_client = @saved_cs_client */;

--
-- Dumping data for table `channel`
--

LOCK TABLES `channel` WRITE;
/*!40000 ALTER TABLE `channel` DISABLE KEYS */;
INSERT INTO `channel` VALUES (1,'mt80s',0,0,1500,'2012-05-11 02:37:17');
/*!40000 ALTER TABLE `channel` ENABLE KEYS */;
UNLOCK TABLES;

--
-- Table structure for table `library`
--

DROP TABLE IF EXISTS `library`;
/*!40101 SET @saved_cs_client     = @@character_set_client */;
/*!40101 SET character_set_client = utf8 */;
CREATE TABLE `library` (
  `oid` int(11) NOT NULL auto_increment,
  `cid` int(11) NOT NULL default '0',
  `vid` int(11) NOT NULL default '0',
  `views` int(11) NOT NULL default '0',
  `viewed` timestamp NOT NULL default CURRENT_TIMESTAMP,
  PRIMARY KEY  (`oid`,`cid`,`vid`)
) ENGINE=InnoDB AUTO_INCREMENT=1602 DEFAULT CHARSET=latin1;
/*!40101 SET character_set_client = @saved_cs_client */;

--
-- Dumping data for table `library`
--

LOCK TABLES `library` WRITE;
/*!40000 ALTER TABLE `library` DISABLE KEYS */;
INSERT INTO `library` VALUES (1024,1,967,0,'2012-05-11 13:45:58'),(1025,1,968,0,'2012-05-11 13:45:58'),(1026,1,969,0,'2012-05-11 13:45:58'),(1027,1,970,0,'2012-05-11 13:45:58'),(1028,1,971,0,'2012-05-11 13:45:58'),(1029,1,972,0,'2012-05-11 13:45:58'),(1030,1,973,0,'2012-05-11 13:45:58'),(1031,1,974,0,'2012-05-11 13:45:58'),(1032,1,975,0,'2012-05-11 13:45:58'),(1033,1,976,0,'2012-05-11 13:45:58'),(1034,1,977,0,'2012-05-11 13:45:58'),(1035,1,978,0,'2012-05-11 13:45:58'),(1036,1,979,0,'2012-05-11 13:45:58'),(1037,1,980,0,'2012-05-11 13:45:58'),(1038,1,981,0,'2012-05-11 13:45:58'),(1039,1,982,0,'2012-05-11 13:45:58'),(1040,1,983,0,'2012-05-11 13:45:58'),(1041,1,984,0,'2012-05-11 13:45:58'),(1042,1,985,0,'2012-05-11 13:45:58'),(1043,1,986,0,'2012-05-11 13:45:58'),(1044,1,987,0,'2012-05-11 13:45:58'),(1045,1,988,0,'2012-05-11 13:45:58'),(1046,1,989,0,'2012-05-11 13:45:58'),(1047,1,990,0,'2012-05-11 13:45:58'),(1048,1,991,0,'2012-05-11 13:45:58'),(1049,1,992,0,'2012-05-11 13:45:58'),(1050,1,993,0,'2012-05-11 13:45:58'),(1051,1,994,0,'2012-05-11 13:45:58'),(1052,1,995,0,'2012-05-11 13:45:58'),(1053,1,996,0,'2012-05-11 13:45:58'),(1054,1,997,0,'2012-05-11 13:45:58'),(1055,1,998,0,'2012-05-11 13:45:58'),(1056,1,999,0,'2012-05-11 13:45:58'),(1057,1,1000,0,'2012-05-11 13:45:58'),(1058,1,1001,0,'2012-05-11 13:45:58'),(1059,1,1002,0,'2012-05-11 13:45:58'),(1060,1,1003,0,'2012-05-11 13:45:58'),(1061,1,1004,0,'2012-05-11 13:45:58'),(1062,1,1005,0,'2012-05-11 13:45:58'),(1063,1,1006,0,'2012-05-11 13:45:58'),(1064,1,1007,0,'2012-05-11 13:45:58'),(1065,1,1008,0,'2012-05-11 13:45:58'),(1066,1,1009,0,'2012-05-11 13:45:58'),(1067,1,1010,0,'2012-05-11 13:45:58'),(1068,1,1011,0,'2012-05-11 13:45:58'),(1069,1,1012,0,'2012-05-11 13:45:58'),(1070,1,1013,0,'2012-05-11 13:45:58'),(1071,1,1014,0,'2012-05-11 13:45:58'),(1072,1,1015,0,'2012-05-11 13:45:58'),(1073,1,1016,0,'2012-05-11 13:45:58'),(1074,1,1017,0,'2012-05-11 13:45:58'),(1075,1,1018,0,'2012-05-11 13:45:58'),(1076,1,1019,0,'2012-05-11 13:45:58'),(1077,1,1020,0,'2012-05-11 13:45:58'),(1078,1,1021,0,'2012-05-11 13:45:58'),(1079,1,1022,0,'2012-05-11 13:45:58'),(1080,1,1023,0,'2012-05-11 13:45:58'),(1081,1,1024,0,'2012-05-11 13:45:58'),(1082,1,1025,0,'2012-05-11 13:45:58'),(1083,1,1026,0,'2012-05-11 13:45:58'),(1084,1,1027,0,'2012-05-11 13:45:58'),(1085,1,1028,0,'2012-05-11 13:45:58'),(1086,1,1029,0,'2012-05-11 13:45:58'),(1087,1,1030,0,'2012-05-11 13:45:58'),(1088,1,1031,0,'2012-05-11 13:45:58'),(1089,1,1032,0,'2012-05-11 13:45:58'),(1090,1,1033,0,'2012-05-11 13:45:58'),(1091,1,1034,0,'2012-05-11 13:45:58'),(1092,1,1035,0,'2012-05-11 13:45:58'),(1093,1,1036,0,'2012-05-11 13:45:58'),(1094,1,1037,0,'2012-05-11 13:45:58'),(1095,1,1038,0,'2012-05-11 13:45:58'),(1096,1,1039,0,'2012-05-11 13:45:58'),(1097,1,1040,0,'2012-05-11 13:45:58'),(1098,1,1041,0,'2012-05-11 13:45:58'),(1099,1,1042,0,'2012-05-11 13:45:58'),(1100,1,1043,0,'2012-05-11 13:45:58'),(1101,1,1044,0,'2012-05-11 13:45:58'),(1102,1,1045,0,'2012-05-11 13:45:58'),(1103,1,1046,0,'2012-05-11 13:45:58'),(1104,1,1047,0,'2012-05-11 13:45:58'),(1105,1,1048,0,'2012-05-11 13:45:58'),(1106,1,1049,0,'2012-05-11 13:45:58'),(1107,1,1050,0,'2012-05-11 13:45:58'),(1108,1,1051,0,'2012-05-11 13:45:58'),(1109,1,1052,0,'2012-05-11 13:45:58'),(1110,1,1053,0,'2012-05-11 13:45:58'),(1111,1,1054,0,'2012-05-11 13:45:58'),(1112,1,1055,0,'2012-05-11 13:45:58'),(1113,1,1056,0,'2012-05-11 13:45:58'),(1114,1,1057,0,'2012-05-11 13:45:58'),(1115,1,1058,0,'2012-05-11 13:45:58'),(1116,1,1059,0,'2012-05-11 13:45:58'),(1117,1,1060,0,'2012-05-11 13:45:58'),(1118,1,1061,0,'2012-05-11 13:45:58'),(1119,1,1062,0,'2012-05-11 13:45:58'),(1120,1,1063,0,'2012-05-11 13:45:58'),(1121,1,1064,0,'2012-05-11 13:45:58'),(1122,1,1065,0,'2012-05-11 13:45:58'),(1123,1,1066,0,'2012-05-11 13:45:58'),(1124,1,1067,0,'2012-05-11 13:45:58'),(1125,1,1068,0,'2012-05-11 13:45:58'),(1126,1,1069,0,'2012-05-11 13:45:58'),(1127,1,1070,0,'2012-05-11 13:45:58'),(1128,1,1071,0,'2012-05-11 13:45:58'),(1129,1,1072,0,'2012-05-11 13:45:58'),(1130,1,1073,0,'2012-05-11 13:45:58'),(1131,1,1074,0,'2012-05-11 13:45:58'),(1132,1,1075,0,'2012-05-11 13:45:58'),(1133,1,1076,0,'2012-05-11 13:45:58'),(1134,1,1077,0,'2012-05-11 13:45:58'),(1135,1,1078,0,'2012-05-11 13:45:58'),(1136,1,1079,0,'2012-05-11 13:45:58'),(1137,1,1080,0,'2012-05-11 13:45:58'),(1138,1,1081,0,'2012-05-11 13:45:58'),(1139,1,1082,0,'2012-05-11 13:45:58'),(1140,1,1083,0,'2012-05-11 13:45:58'),(1141,1,1084,0,'2012-05-11 13:45:58'),(1142,1,1085,0,'2012-05-11 13:45:58'),(1143,1,1086,0,'2012-05-11 13:45:58'),(1144,1,1087,0,'2012-05-11 13:45:58'),(1145,1,1088,0,'2012-05-11 13:45:58'),(1146,1,1089,0,'2012-05-11 13:45:58'),(1147,1,1090,0,'2012-05-11 13:45:58'),(1148,1,1091,0,'2012-05-11 13:45:58'),(1149,1,1092,0,'2012-05-11 13:45:58'),(1150,1,1093,0,'2012-05-11 13:45:58'),(1151,1,1094,0,'2012-05-11 13:45:58'),(1152,1,1095,0,'2012-05-11 13:45:58'),(1153,1,1096,0,'2012-05-11 13:45:58'),(1154,1,1097,0,'2012-05-11 13:45:58'),(1155,1,1098,0,'2012-05-11 13:45:58'),(1156,1,1099,0,'2012-05-11 13:45:58'),(1157,1,1100,0,'2012-05-11 13:45:58'),(1158,1,1101,0,'2012-05-11 13:45:58'),(1159,1,1102,0,'2012-05-11 13:45:58'),(1160,1,1103,0,'2012-05-11 13:45:58'),(1161,1,1104,0,'2012-05-11 13:45:58'),(1162,1,1105,0,'2012-05-11 13:45:58'),(1163,1,1106,0,'2012-05-11 13:45:58'),(1164,1,1107,0,'2012-05-11 13:45:58'),(1165,1,1108,0,'2012-05-11 13:45:58'),(1166,1,1109,0,'2012-05-11 13:45:58'),(1167,1,1110,0,'2012-05-11 13:45:58'),(1168,1,1111,0,'2012-05-11 13:45:58'),(1169,1,1112,0,'2012-05-11 13:45:58'),(1170,1,1113,0,'2012-05-11 13:45:58'),(1171,1,1114,0,'2012-05-11 13:45:58'),(1172,1,1115,0,'2012-05-11 13:45:58'),(1173,1,1116,0,'2012-05-11 13:45:58'),(1174,1,1117,0,'2012-05-11 13:45:58'),(1175,1,1118,0,'2012-05-11 13:45:58'),(1176,1,1119,0,'2012-05-11 13:45:58'),(1177,1,1120,0,'2012-05-11 13:45:58'),(1178,1,1121,0,'2012-05-11 13:45:58'),(1179,1,1122,0,'2012-05-11 13:45:58'),(1180,1,1123,0,'2012-05-11 13:45:58'),(1181,1,1124,0,'2012-05-11 13:45:58'),(1182,1,1125,0,'2012-05-11 13:45:58'),(1183,1,1126,0,'2012-05-11 13:45:58'),(1184,1,1127,0,'2012-05-11 13:45:58'),(1185,1,1128,0,'2012-05-11 13:45:58'),(1186,1,1129,0,'2012-05-11 13:45:58'),(1187,1,1130,0,'2012-05-11 13:45:58'),(1188,1,1131,0,'2012-05-11 13:45:58'),(1189,1,1132,0,'2012-05-11 13:45:58'),(1190,1,1133,0,'2012-05-11 13:45:58'),(1191,1,1134,0,'2012-05-11 13:45:58'),(1192,1,1135,0,'2012-05-11 13:45:58'),(1193,1,1136,0,'2012-05-11 13:45:58'),(1194,1,1137,0,'2012-05-11 13:45:58'),(1195,1,1138,0,'2012-05-11 13:45:58'),(1196,1,1139,0,'2012-05-11 13:45:58'),(1197,1,1140,0,'2012-05-11 13:45:58'),(1198,1,1141,0,'2012-05-11 13:45:58'),(1199,1,1142,0,'2012-05-11 13:45:58'),(1200,1,1143,0,'2012-05-11 13:45:58'),(1201,1,1144,0,'2012-05-11 13:45:58'),(1202,1,1145,0,'2012-05-11 13:45:58'),(1203,1,1146,0,'2012-05-11 13:45:58'),(1204,1,1147,0,'2012-05-11 13:45:58'),(1205,1,1148,0,'2012-05-11 13:45:58'),(1206,1,1149,0,'2012-05-11 13:45:58'),(1207,1,1150,0,'2012-05-11 13:45:58'),(1208,1,1151,0,'2012-05-11 13:45:58'),(1209,1,1152,0,'2012-05-11 13:45:58'),(1210,1,1153,0,'2012-05-11 13:45:58'),(1211,1,1154,0,'2012-05-11 13:45:58'),(1212,1,1155,0,'2012-05-11 13:45:58'),(1213,1,1156,0,'2012-05-11 13:45:58'),(1214,1,1157,0,'2012-05-11 13:45:58'),(1215,1,1158,0,'2012-05-11 13:45:58'),(1216,1,1159,0,'2012-05-11 13:45:58'),(1217,1,1160,0,'2012-05-11 13:45:58'),(1218,1,1161,0,'2012-05-11 13:45:58'),(1219,1,1162,0,'2012-05-11 13:45:58'),(1220,1,1163,0,'2012-05-11 13:45:58'),(1221,1,1164,0,'2012-05-11 13:45:58'),(1222,1,1165,0,'2012-05-11 13:45:58'),(1223,1,1166,0,'2012-05-11 13:45:58'),(1224,1,1167,0,'2012-05-11 13:45:58'),(1225,1,1168,0,'2012-05-11 13:45:58'),(1226,1,1169,0,'2012-05-11 13:45:58'),(1227,1,1170,0,'2012-05-11 13:45:58'),(1228,1,1171,0,'2012-05-11 13:45:58'),(1229,1,1172,0,'2012-05-11 13:45:58'),(1230,1,1173,0,'2012-05-11 13:45:58'),(1231,1,1174,0,'2012-05-11 13:45:58'),(1232,1,1175,0,'2012-05-11 13:45:58'),(1233,1,1176,0,'2012-05-11 13:45:58'),(1234,1,1177,0,'2012-05-11 13:45:58'),(1235,1,1178,0,'2012-05-11 13:45:58'),(1236,1,1179,0,'2012-05-11 13:45:58'),(1237,1,1180,0,'2012-05-11 13:45:58'),(1238,1,1181,0,'2012-05-11 13:45:58'),(1239,1,1182,0,'2012-05-11 13:45:58'),(1240,1,1183,0,'2012-05-11 13:45:58'),(1241,1,1184,0,'2012-05-11 13:45:58'),(1242,1,1185,0,'2012-05-11 13:45:58'),(1243,1,1186,0,'2012-05-11 13:45:58'),(1244,1,1187,0,'2012-05-11 13:45:58'),(1245,1,1188,0,'2012-05-11 13:45:58'),(1246,1,1189,0,'2012-05-11 13:45:58'),(1247,1,1190,0,'2012-05-11 13:45:58'),(1248,1,1191,0,'2012-05-11 13:45:58'),(1249,1,1192,0,'2012-05-11 13:45:58'),(1250,1,1193,0,'2012-05-11 13:45:58'),(1251,1,1194,0,'2012-05-11 13:45:58'),(1252,1,1195,0,'2012-05-11 13:45:58'),(1253,1,1196,0,'2012-05-11 13:45:58'),(1254,1,1197,0,'2012-05-11 13:45:58'),(1255,1,1198,0,'2012-05-11 13:45:58'),(1256,1,1199,0,'2012-05-11 13:45:58'),(1257,1,1200,0,'2012-05-11 13:45:58'),(1258,1,1201,0,'2012-05-11 13:45:58'),(1259,1,1202,0,'2012-05-11 13:45:58'),(1260,1,1203,0,'2012-05-11 13:45:58'),(1261,1,1204,0,'2012-05-11 13:45:58'),(1262,1,1205,0,'2012-05-11 13:45:58'),(1263,1,1206,0,'2012-05-11 13:45:58'),(1264,1,1207,0,'2012-05-11 13:45:58'),(1265,1,1208,0,'2012-05-11 13:45:58'),(1266,1,1209,0,'2012-05-11 13:45:58'),(1267,1,1210,0,'2012-05-11 13:45:58'),(1268,1,1211,0,'2012-05-11 13:45:58'),(1269,1,1212,0,'2012-05-11 13:45:58'),(1270,1,1213,0,'2012-05-11 13:45:58'),(1271,1,1214,0,'2012-05-11 13:45:58'),(1272,1,1215,0,'2012-05-11 13:45:58'),(1273,1,1216,0,'2012-05-11 13:45:58'),(1274,1,1217,0,'2012-05-11 13:45:58'),(1275,1,1218,0,'2012-05-11 13:45:58'),(1276,1,1219,0,'2012-05-11 13:45:58'),(1277,1,1220,0,'2012-05-11 13:45:58'),(1278,1,1221,0,'2012-05-11 13:45:58'),(1279,1,1222,0,'2012-05-11 13:45:58'),(1280,1,1223,0,'2012-05-11 13:45:58'),(1281,1,1224,0,'2012-05-11 13:45:58'),(1282,1,1225,0,'2012-05-11 13:45:58'),(1283,1,1226,0,'2012-05-11 13:45:58'),(1284,1,1227,0,'2012-05-11 13:45:58'),(1285,1,1228,0,'2012-05-11 13:45:58'),(1286,1,1229,0,'2012-05-11 13:45:58'),(1287,1,1230,0,'2012-05-11 13:45:58'),(1288,1,1231,0,'2012-05-11 13:45:58'),(1289,1,1232,0,'2012-05-11 13:45:58'),(1290,1,1233,0,'2012-05-11 13:45:58'),(1291,1,1234,0,'2012-05-11 13:45:58'),(1292,1,1235,0,'2012-05-11 13:45:58'),(1293,1,1236,0,'2012-05-11 13:45:58'),(1294,1,1237,0,'2012-05-11 13:45:58'),(1295,1,1238,0,'2012-05-11 13:45:58'),(1296,1,1239,0,'2012-05-11 13:45:58'),(1297,1,1240,0,'2012-05-11 13:45:58'),(1298,1,1241,0,'2012-05-11 13:45:58'),(1299,1,1242,0,'2012-05-11 13:45:58'),(1300,1,1243,0,'2012-05-11 13:45:58'),(1301,1,1244,0,'2012-05-11 13:45:58'),(1302,1,1245,0,'2012-05-11 13:45:58'),(1303,1,1246,0,'2012-05-11 13:45:58'),(1304,1,1247,0,'2012-05-11 13:45:58'),(1305,1,1248,0,'2012-05-11 13:45:58'),(1306,1,1249,0,'2012-05-11 13:45:58'),(1307,1,1250,0,'2012-05-11 13:45:58'),(1308,1,1251,0,'2012-05-11 13:45:58'),(1309,1,1252,0,'2012-05-11 13:45:58'),(1310,1,1253,0,'2012-05-11 13:45:58'),(1311,1,1254,0,'2012-05-11 13:45:58'),(1312,1,1255,0,'2012-05-11 13:45:58'),(1313,1,1256,0,'2012-05-11 13:45:58'),(1314,1,1257,0,'2012-05-11 13:45:58'),(1315,1,1258,0,'2012-05-11 13:45:58'),(1316,1,1259,0,'2012-05-11 13:45:58'),(1317,1,1260,0,'2012-05-11 13:45:58'),(1318,1,1261,0,'2012-05-11 13:45:58'),(1319,1,1262,0,'2012-05-11 13:45:58'),(1320,1,1263,0,'2012-05-11 13:45:58'),(1321,1,1264,0,'2012-05-11 13:45:58'),(1322,1,1265,0,'2012-05-11 13:45:58'),(1323,1,1266,0,'2012-05-11 13:45:58'),(1324,1,1267,0,'2012-05-11 13:45:58'),(1325,1,1268,0,'2012-05-11 13:45:58'),(1326,1,1269,0,'2012-05-11 13:45:58'),(1327,1,1270,0,'2012-05-11 13:45:58'),(1328,1,1271,0,'2012-05-11 13:45:58'),(1329,1,1272,0,'2012-05-11 13:45:58'),(1330,1,1273,0,'2012-05-11 13:45:58'),(1331,1,1274,0,'2012-05-11 13:45:58'),(1332,1,1275,0,'2012-05-11 13:45:58'),(1333,1,1276,0,'2012-05-11 13:45:58'),(1334,1,1277,0,'2012-05-11 13:45:58'),(1335,1,1278,0,'2012-05-11 13:45:58'),(1336,1,1279,0,'2012-05-11 13:45:58'),(1337,1,1280,0,'2012-05-11 13:45:58'),(1338,1,1281,0,'2012-05-11 13:45:58'),(1339,1,1282,0,'2012-05-11 13:45:58'),(1340,1,1283,0,'2012-05-11 13:45:58'),(1341,1,1284,0,'2012-05-11 13:45:58'),(1342,1,1285,0,'2012-05-11 13:45:58'),(1343,1,1286,0,'2012-05-11 13:45:58'),(1344,1,1287,0,'2012-05-11 13:45:58'),(1345,1,1288,0,'2012-05-11 13:45:58'),(1346,1,1289,0,'2012-05-11 13:45:58'),(1347,1,1290,0,'2012-05-11 13:45:58'),(1348,1,1291,0,'2012-05-11 13:45:58'),(1349,1,1292,0,'2012-05-11 13:45:58'),(1350,1,1293,0,'2012-05-11 13:45:58'),(1351,1,1294,0,'2012-05-11 13:45:58'),(1352,1,1295,0,'2012-05-11 13:45:58'),(1353,1,1296,0,'2012-05-11 13:45:58'),(1354,1,1297,0,'2012-05-11 13:45:58'),(1355,1,1298,0,'2012-05-11 13:45:58'),(1356,1,1299,0,'2012-05-11 13:45:58'),(1357,1,1300,0,'2012-05-11 13:45:58'),(1358,1,1301,0,'2012-05-11 13:45:58'),(1359,1,1302,0,'2012-05-11 13:45:58'),(1360,1,1303,0,'2012-05-11 13:45:58'),(1361,1,1304,0,'2012-05-11 13:45:58'),(1362,1,1305,0,'2012-05-11 13:45:58'),(1363,1,1306,0,'2012-05-11 13:45:58'),(1364,1,1307,0,'2012-05-11 13:45:58'),(1365,1,1308,0,'2012-05-11 13:45:58'),(1366,1,1309,0,'2012-05-11 13:45:58'),(1367,1,1310,0,'2012-05-11 13:45:58'),(1368,1,1311,0,'2012-05-11 13:45:58'),(1369,1,1312,0,'2012-05-11 13:45:58'),(1370,1,1313,0,'2012-05-11 13:45:58'),(1371,1,1314,0,'2012-05-11 13:45:58'),(1372,1,1315,0,'2012-05-11 13:45:58'),(1373,1,1316,0,'2012-05-11 13:45:58'),(1374,1,1317,0,'2012-05-11 13:45:58'),(1375,1,1318,0,'2012-05-11 13:45:58'),(1376,1,1319,0,'2012-05-11 13:45:58'),(1377,1,1320,0,'2012-05-11 13:45:58'),(1378,1,1321,0,'2012-05-11 13:45:58'),(1379,1,1322,0,'2012-05-11 13:45:58'),(1380,1,1323,0,'2012-05-11 13:45:58'),(1381,1,1324,0,'2012-05-11 13:45:58'),(1382,1,1325,0,'2012-05-11 13:45:58'),(1383,1,1326,0,'2012-05-11 13:45:58'),(1384,1,1327,0,'2012-05-11 13:45:58'),(1385,1,1328,0,'2012-05-11 13:45:58'),(1386,1,1329,0,'2012-05-11 13:45:58'),(1387,1,1330,0,'2012-05-11 13:45:58'),(1388,1,1331,0,'2012-05-11 13:45:58'),(1389,1,1332,0,'2012-05-11 13:45:58'),(1390,1,1333,0,'2012-05-11 13:45:58'),(1391,1,1334,0,'2012-05-11 13:45:58'),(1392,1,1335,0,'2012-05-11 13:45:58'),(1393,1,1336,0,'2012-05-11 13:45:58'),(1394,1,1337,0,'2012-05-11 13:45:58'),(1395,1,1338,0,'2012-05-11 13:45:58'),(1396,1,1339,0,'2012-05-11 13:45:58'),(1397,1,1340,0,'2012-05-11 13:45:58'),(1398,1,1341,0,'2012-05-11 13:45:58'),(1399,1,1342,0,'2012-05-11 13:45:58'),(1400,1,1343,0,'2012-05-11 13:45:58'),(1401,1,1344,0,'2012-05-11 13:45:58'),(1402,1,1345,0,'2012-05-11 13:45:58'),(1403,1,1346,0,'2012-05-11 13:45:58'),(1404,1,1347,0,'2012-05-11 13:45:58'),(1405,1,1348,0,'2012-05-11 13:45:58'),(1406,1,1349,0,'2012-05-11 13:45:58'),(1407,1,1350,0,'2012-05-11 13:45:58'),(1408,1,1351,0,'2012-05-11 13:45:58'),(1409,1,1352,0,'2012-05-11 13:45:58'),(1410,1,1353,0,'2012-05-11 13:45:58'),(1411,1,1354,0,'2012-05-11 13:45:58'),(1412,1,1355,0,'2012-05-11 13:45:58'),(1413,1,1356,0,'2012-05-11 13:45:58'),(1414,1,1357,0,'2012-05-11 13:45:58'),(1415,1,1358,0,'2012-05-11 13:45:58'),(1416,1,1359,0,'2012-05-11 13:45:58'),(1417,1,1360,0,'2012-05-11 13:45:58'),(1418,1,1361,0,'2012-05-11 13:45:58'),(1419,1,1362,0,'2012-05-11 13:45:58'),(1420,1,1363,0,'2012-05-11 13:45:58'),(1421,1,1364,0,'2012-05-11 13:45:58'),(1422,1,1365,0,'2012-05-11 13:45:58'),(1423,1,1366,0,'2012-05-11 13:45:58'),(1424,1,1367,0,'2012-05-11 13:45:58'),(1425,1,1368,0,'2012-05-11 13:45:58'),(1426,1,1369,0,'2012-05-11 13:45:58'),(1427,1,1370,0,'2012-05-11 13:45:58'),(1428,1,1371,0,'2012-05-11 13:45:58'),(1429,1,1372,0,'2012-05-11 13:45:58'),(1430,1,1373,0,'2012-05-11 13:45:58'),(1431,1,1374,0,'2012-05-11 13:45:58'),(1432,1,1375,0,'2012-05-11 13:45:58'),(1433,1,1376,0,'2012-05-11 13:45:58'),(1434,1,1377,0,'2012-05-11 13:45:58'),(1435,1,1378,0,'2012-05-11 13:45:58'),(1436,1,1379,0,'2012-05-11 13:45:58'),(1437,1,1380,0,'2012-05-11 13:45:58'),(1438,1,1381,0,'2012-05-11 13:45:58'),(1439,1,1382,0,'2012-05-11 13:45:58'),(1440,1,1383,0,'2012-05-11 13:45:58'),(1441,1,1384,0,'2012-05-11 13:45:58'),(1442,1,1385,0,'2012-05-11 13:45:58'),(1443,1,1386,0,'2012-05-11 13:45:58'),(1444,1,1387,0,'2012-05-11 13:45:58'),(1445,1,1388,0,'2012-05-11 13:45:58'),(1446,1,1389,0,'2012-05-11 13:45:58'),(1447,1,1390,0,'2012-05-11 13:45:58'),(1448,1,1391,0,'2012-05-11 13:45:58'),(1449,1,1392,0,'2012-05-11 13:45:58'),(1450,1,1393,0,'2012-05-11 13:45:58'),(1451,1,1394,0,'2012-05-11 13:45:58'),(1452,1,1395,0,'2012-05-11 13:45:58'),(1453,1,1396,0,'2012-05-11 13:45:58'),(1454,1,1397,0,'2012-05-11 13:45:58'),(1455,1,1398,0,'2012-05-11 13:45:58'),(1456,1,1399,0,'2012-05-11 13:45:58'),(1457,1,1400,0,'2012-05-11 13:45:58'),(1458,1,1401,0,'2012-05-11 13:45:58'),(1459,1,1402,0,'2012-05-11 13:45:58'),(1460,1,1403,0,'2012-05-11 13:45:58'),(1461,1,1404,0,'2012-05-11 13:45:58'),(1462,1,1405,0,'2012-05-11 13:45:58'),(1463,1,1406,0,'2012-05-11 13:45:58'),(1464,1,1407,0,'2012-05-11 13:45:58'),(1465,1,1408,0,'2012-05-11 13:45:58'),(1466,1,1409,0,'2012-05-11 13:45:58'),(1467,1,1410,0,'2012-05-11 13:45:58'),(1468,1,1411,0,'2012-05-11 13:45:58'),(1469,1,1412,0,'2012-05-11 13:45:58'),(1470,1,1413,0,'2012-05-11 13:45:58'),(1471,1,1414,0,'2012-05-11 13:45:58'),(1472,1,1415,0,'2012-05-11 13:45:58'),(1473,1,1416,0,'2012-05-11 13:45:58'),(1474,1,1417,0,'2012-05-11 13:45:58'),(1475,1,1418,0,'2012-05-11 13:45:58'),(1476,1,1419,0,'2012-05-11 13:45:58'),(1477,1,1420,0,'2012-05-11 13:45:58'),(1478,1,1421,0,'2012-05-11 13:45:58'),(1479,1,1422,0,'2012-05-11 13:45:58'),(1480,1,1423,0,'2012-05-11 13:45:58'),(1481,1,1424,0,'2012-05-11 13:45:58'),(1482,1,1425,0,'2012-05-11 13:45:58'),(1483,1,1426,0,'2012-05-11 13:45:58'),(1484,1,1427,0,'2012-05-11 13:45:58'),(1485,1,1428,0,'2012-05-11 13:45:58'),(1486,1,1429,0,'2012-05-11 13:45:58'),(1487,1,1430,0,'2012-05-11 13:45:58'),(1488,1,1431,0,'2012-05-11 13:45:58'),(1489,1,1432,0,'2012-05-11 13:45:58'),(1490,1,1433,0,'2012-05-11 13:45:58'),(1491,1,1434,0,'2012-05-11 13:45:58'),(1492,1,1435,0,'2012-05-11 13:45:58'),(1493,1,1436,0,'2012-05-11 13:45:58'),(1494,1,1437,0,'2012-05-11 13:45:58'),(1495,1,1438,0,'2012-05-11 13:45:58'),(1496,1,1439,0,'2012-05-11 13:45:58'),(1497,1,1440,0,'2012-05-11 13:45:58'),(1498,1,1441,0,'2012-05-11 13:45:58'),(1499,1,1442,0,'2012-05-11 13:45:58'),(1500,1,1443,0,'2012-05-11 13:45:58'),(1501,1,1444,0,'2012-05-11 13:45:58'),(1502,1,1445,0,'2012-05-11 13:45:58'),(1503,1,1446,0,'2012-05-11 13:45:58'),(1504,1,1447,0,'2012-05-11 13:45:58'),(1505,1,1448,0,'2012-05-11 13:45:58'),(1506,1,1449,0,'2012-05-11 13:45:58'),(1507,1,1450,0,'2012-05-11 13:45:58'),(1508,1,1451,0,'2012-05-11 13:45:58'),(1509,1,1452,0,'2012-05-11 13:45:58'),(1510,1,1453,0,'2012-05-11 13:45:58'),(1511,1,1454,0,'2012-05-11 13:45:58'),(1512,1,1455,0,'2012-05-11 13:45:58'),(1513,1,1456,0,'2012-05-11 13:45:58'),(1514,1,1457,0,'2012-05-11 13:45:58'),(1515,1,1458,0,'2012-05-11 13:45:58'),(1516,1,1459,0,'2012-05-11 13:45:58'),(1517,1,1460,0,'2012-05-11 13:45:58'),(1518,1,1461,0,'2012-05-11 13:45:58'),(1519,1,1462,0,'2012-05-11 13:45:58'),(1520,1,1463,0,'2012-05-11 13:45:58'),(1521,1,1464,0,'2012-05-11 13:45:58'),(1522,1,1465,0,'2012-05-11 13:45:58'),(1523,1,1466,0,'2012-05-11 13:45:58'),(1524,1,1467,0,'2012-05-11 13:45:58'),(1525,1,1468,0,'2012-05-11 13:45:58'),(1526,1,1469,0,'2012-05-11 13:45:58'),(1527,1,1470,0,'2012-05-11 13:45:58'),(1528,1,1471,0,'2012-05-11 13:45:58'),(1529,1,1472,0,'2012-05-11 13:45:58'),(1530,1,1473,0,'2012-05-11 13:45:58'),(1531,1,1474,0,'2012-05-11 13:45:58'),(1532,1,1475,0,'2012-05-11 13:45:58'),(1533,1,1476,0,'2012-05-11 13:45:58'),(1534,1,1477,0,'2012-05-11 13:45:58'),(1535,1,1478,0,'2012-05-11 13:45:58'),(1536,1,1479,0,'2012-05-11 13:45:58'),(1537,1,1480,0,'2012-05-11 13:45:58'),(1538,1,1481,0,'2012-05-11 13:45:58'),(1539,1,1482,0,'2012-05-11 13:45:58'),(1540,1,1483,0,'2012-05-11 13:45:58'),(1541,1,1484,0,'2012-05-11 13:45:58'),(1542,1,1485,0,'2012-05-11 13:45:58'),(1543,1,1486,0,'2012-05-11 13:45:58'),(1544,1,1487,0,'2012-05-11 13:45:58'),(1545,1,1488,0,'2012-05-11 13:45:58'),(1546,1,1489,0,'2012-05-11 13:45:58'),(1547,1,1490,0,'2012-05-11 13:45:58'),(1548,1,1491,0,'2012-05-11 13:45:58'),(1549,1,1492,0,'2012-05-11 13:45:58'),(1550,1,1493,0,'2012-05-11 13:45:58'),(1551,1,1494,0,'2012-05-11 13:45:58'),(1552,1,1495,0,'2012-05-11 13:45:58'),(1553,1,1496,0,'2012-05-11 13:45:58'),(1554,1,1497,0,'2012-05-11 13:45:58'),(1555,1,1498,0,'2012-05-11 13:45:58'),(1556,1,1499,0,'2012-05-11 13:45:58'),(1557,1,1500,0,'2012-05-11 13:45:58'),(1558,1,1501,0,'2012-05-11 13:45:58'),(1559,1,1502,0,'2012-05-11 13:45:58'),(1560,1,1503,0,'2012-05-11 13:45:58'),(1561,1,1504,0,'2012-05-11 13:45:58'),(1562,1,1505,0,'2012-05-11 13:45:58'),(1563,1,1506,0,'2012-05-11 13:45:58'),(1564,1,1507,0,'2012-05-11 13:45:58'),(1565,1,1508,0,'2012-05-11 13:45:58'),(1566,1,1509,0,'2012-05-11 13:45:58'),(1567,1,1510,0,'2012-05-11 13:45:58'),(1568,1,1511,0,'2012-05-11 13:45:58'),(1569,1,1512,0,'2012-05-11 13:45:58'),(1570,1,1513,0,'2012-05-11 13:45:58'),(1571,1,1514,0,'2012-05-11 13:45:58'),(1572,1,1515,0,'2012-05-11 13:45:58'),(1573,1,1516,0,'2012-05-11 13:45:58'),(1574,1,1517,0,'2012-05-11 13:45:58'),(1575,1,1518,0,'2012-05-11 13:45:58'),(1576,1,1519,0,'2012-05-11 13:45:58'),(1577,1,1520,0,'2012-05-11 13:45:58'),(1578,1,1521,0,'2012-05-11 13:45:58'),(1579,1,1522,0,'2012-05-11 13:45:58'),(1580,1,1523,0,'2012-05-11 13:45:58'),(1581,1,1524,0,'2012-05-11 13:45:58'),(1582,1,1525,0,'2012-05-11 13:45:58'),(1583,1,1526,0,'2012-05-11 13:45:58'),(1584,1,1527,0,'2012-05-11 13:45:58'),(1585,1,1528,0,'2012-05-11 13:45:58'),(1586,1,1529,0,'2012-05-11 13:45:58'),(1587,1,1530,0,'2012-05-11 13:45:58'),(1588,1,1531,0,'2012-05-11 13:45:58'),(1589,1,1532,0,'2012-05-11 13:45:58'),(1590,1,1533,0,'2012-05-11 13:45:58'),(1591,1,1534,0,'2012-05-11 13:45:58'),(1592,1,1535,0,'2012-05-11 13:45:58'),(1593,1,1536,0,'2012-05-11 13:45:58'),(1594,1,1537,0,'2012-05-11 13:45:58'),(1595,1,1538,0,'2012-05-11 13:45:58'),(1596,1,1539,0,'2012-05-11 13:45:58'),(1597,1,1540,0,'2012-05-11 13:45:58'),(1598,1,1541,0,'2012-05-11 13:45:58'),(1599,1,1542,0,'2012-05-11 13:45:58'),(1600,1,1543,0,'2012-05-11 13:45:58'),(1601,1,1544,0,'2012-05-11 13:45:58');
/*!40000 ALTER TABLE `library` ENABLE KEYS */;
UNLOCK TABLES;

--
-- Table structure for table `users`
--

DROP TABLE IF EXISTS `users`;
/*!40101 SET @saved_cs_client     = @@character_set_client */;
/*!40101 SET character_set_client = utf8 */;
CREATE TABLE `users` (
  `username` varchar(30) NOT NULL,
  `password` varchar(40) NOT NULL,
  `email` text NOT NULL,
  PRIMARY KEY  (`username`),
  UNIQUE KEY `username` (`username`)
) ENGINE=MyISAM DEFAULT CHARSET=latin1;
/*!40101 SET character_set_client = @saved_cs_client */;

--
-- Dumping data for table `users`
--

LOCK TABLES `users` WRITE;
/*!40000 ALTER TABLE `users` DISABLE KEYS */;
INSERT INTO `users` VALUES ('otakukampf','8f39db8041d4edc97fda34345ec429b4','kristopolous@yahoo.com'),('admin','912ec803b2ce49e4a541068d495ab570','asdf'),('richard','5e541bedd21b8a80ac66187413840773','richard@oblong.com'),('ravelab','42ce546c7e62c4f8ddb10ade2b1cd84b','alanpc@gmail.com'),('Herfinangle','6bab2787fa74a4db6036b6e6dff5e882','macman022@hotmail.com');
/*!40000 ALTER TABLE `users` ENABLE KEYS */;
UNLOCK TABLES;

--
-- Table structure for table `videos`
--

DROP TABLE IF EXISTS `videos`;
/*!40101 SET @saved_cs_client     = @@character_set_client */;
/*!40101 SET character_set_client = utf8 */;
CREATE TABLE `videos` (
  `vid` int(11) NOT NULL auto_increment,
  `rid` varchar(20) NOT NULL default '',
  `artist` text,
  `title` text,
  `length` int(11) default NULL,
  `checked` timestamp NOT NULL default CURRENT_TIMESTAMP,
  `isactive` tinyint(1) default NULL,
  `fallbackid` int(11) default NULL,
  PRIMARY KEY  (`vid`,`rid`),
  UNIQUE KEY `rid` (`rid`)
) ENGINE=InnoDB AUTO_INCREMENT=1545 DEFAULT CHARSET=latin1;
/*!40101 SET character_set_client = @saved_cs_client */;

--
-- Dumping data for table `videos`
--

LOCK TABLES `videos` WRITE;
/*!40000 ALTER TABLE `videos` DISABLE KEYS */;
INSERT INTO `videos` VALUES (967,'yt:-0cFzZt4mc4','Propaganda','p: Machinery',231,'2012-05-08 04:55:08',1,NULL),(968,'yt:IC3hhqqk128','The Cars','Hello Again',270,'2012-05-08 04:55:08',1,NULL),(969,'yt:8kx8wGRNZX4','U2','New Years Day',257,'2012-05-08 04:55:08',1,NULL),(970,'yt:-b-6ksMdkrU','Company B','Fascinated',224,'2012-05-08 04:55:08',1,NULL),(971,'yt:0FFrCZNNCeU','Dj Jazzy Jeff & The Fresh Prince','Girls Aint Nothin\' but Trouble',279,'2012-05-08 04:55:08',1,NULL),(972,'yt:0KE3-IyLsg8','U.T.F.O.','Leader Of The Pack',206,'2012-05-08 04:55:08',1,NULL),(973,'yt:0KfGEJQgsTo','Divinyls','The Good Die Young',220,'2012-05-08 04:55:08',1,NULL),(974,'yt:0X7RyGBq2E8','Madonna','Holiday',236,'2012-05-08 04:55:08',1,NULL),(975,'yt:0_Pq0xYr3L4','A Flock Of Seagulls','I Ran',238,'2012-05-08 04:55:08',1,NULL),(976,'yt:0tUdUVmnWNc','Jimi Hendrix','Hey Joe',206,'2012-05-08 04:55:08',1,NULL),(977,'yt:110k5hsSTjo','Moon Ray','Comanchero',236,'2012-05-08 04:55:08',1,NULL),(978,'yt:17lkdqoLt44','The Gap Band','You Dropped a Bomb',245,'2012-05-08 04:55:08',1,NULL),(979,'yt:1ZUQ59UjCR0','Devo','Time out for Fun',184,'2012-05-08 04:55:08',1,NULL),(980,'yt:Zc4G8w3Ocbo','Fun Fun','Happy Station',198,'2012-05-08 04:55:08',1,NULL),(981,'yt:FaHuzkyurC0','Yazoo','Don\'t Go',184,'2012-05-08 04:55:08',1,NULL),(982,'yt:1hDbpF4Mvkw','David Bowie','Modern Love',228,'2012-05-08 04:55:08',1,NULL),(983,'yt:1rPOg6VnzV8','Taylor Dayne','Don\'t Rush Me',228,'2012-05-08 04:55:08',1,NULL),(984,'yt:1y3TKv7Chk4','Kim Wilde','Cambodia',223,'2012-05-08 04:55:08',1,NULL),(985,'yt:2aljlKYesT4','Violent Femmes','Blister in the Sun',205,'2012-05-08 04:55:08',1,NULL),(986,'yt:2nXGPZaTKik','Culture Club','Do You Really Want To Hurt Me',270,'2012-05-08 04:55:09',1,NULL),(987,'yt:2rYYecQN3VM','Patrick Hernandez','Born to be alive',189,'2012-05-08 04:55:09',1,NULL),(988,'yt:4KzORRrLxxo','Dazz Band','Let it Whip',259,'2012-05-08 04:55:09',1,NULL),(989,'yt:4NXkM8PsPXs','Talking Heads','Wild Wild Life',219,'2012-05-08 04:55:09',1,NULL),(990,'yt:4b7GGQ9tBoY','Barnes & Barnes','Soak It Up',195,'2012-05-08 04:55:09',1,NULL),(991,'yt:4gpNqB4dnT4','Heart','Crazy On You',337,'2012-05-08 04:55:09',1,NULL),(992,'yt:j7oQEPfe-O8','R.E.M.','The One I Love',197,'2012-05-08 04:55:09',1,NULL),(993,'yt:dA5ser7Qgx0','Peter Frampton','Do you feel like I do',385,'2012-05-08 04:55:09',1,NULL),(994,'yt:98P-gu_vMRc','ELO','Mr. Blue Sky',272,'2012-05-08 04:55:09',1,NULL),(995,'yt:DH1O6nyKnow','Scandal','Goodbye to You',222,'2012-05-08 04:55:09',1,NULL),(996,'yt:4kHl4FoK1Ys','Modern Talking','Your my heart, Your my sould',195,'2012-05-08 04:55:09',1,NULL),(997,'yt:4nuR780B458','Spandau Ballet','Communication',249,'2012-05-08 04:55:09',1,NULL),(998,'yt:4yM9uVeVLNM','John Rocca','Once Upon A Time',214,'2012-05-08 04:55:09',1,NULL),(999,'yt:4z_usl6i9IY','Katrina and the Waves','Walking on Sunshine',228,'2012-05-08 04:55:09',1,NULL),(1000,'yt:5HI_xFQWiYU','When In Rome','The Promise',219,'2012-05-08 04:55:09',1,NULL),(1001,'yt:5IBRbzf3Fws','Rob Base DJ E Z Rock','It Takes Two',298,'2012-05-08 04:55:09',1,NULL),(1002,'yt:5X-Mrc2l1d0','Michael Jackson','Rock With You',202,'2012-05-08 04:55:09',1,NULL),(1003,'yt:6T-zBGs7KAM','The Twins','Love System',207,'2012-05-08 04:55:09',1,NULL),(1004,'yt:6Uxc9eFcZyM','Duran Duran','Save A Prayer',366,'2012-05-08 04:55:09',1,NULL),(1005,'yt:xwtdhWltSIg','R.E.M.','Losing My Religion',286,'2012-05-08 04:55:09',1,NULL),(1006,'yt:0zWXukb4tlQ','Danuta','Touch My Heart',190,'2012-05-08 04:55:09',1,NULL),(1007,'yt:7SCXP_8P_W8','Paul Hardcastle','19 Nineteen',212,'2012-05-08 04:55:09',1,NULL),(1008,'yt:7m1UWSD-FaA','Olivia Newton John & ELO','Xanadu',202,'2012-05-08 04:55:09',1,NULL),(1009,'yt:7movKfyTBII','Men Without Hats','Safety Dance',164,'2012-05-08 04:55:09',1,NULL),(1010,'yt:7rtIN9dWHsw','808 State','Pacific State',246,'2012-05-08 04:55:09',1,NULL),(1011,'yt:7uEBuqkkQRk','New Order','Bizarre Love Triangle',225,'2012-05-08 04:55:09',1,NULL),(1012,'yt:7v2GDbEmjGE','The Police','De Do Do Do, De Da Da Da',251,'2012-05-08 04:55:09',1,NULL),(1013,'yt:djV11Xbc914','A-Ha','Take on Me',228,'2012-05-08 04:55:09',1,NULL),(1014,'yt:FRJeN6laaLI','The Cure','Pictures Of You',182,'2012-05-08 04:55:09',1,NULL),(1015,'yt:iabsOa0LoAo','Howard Devoto','Rainy Season',242,'2012-05-08 04:55:09',1,NULL),(1016,'yt:qHYOXyy1ToI','Joy Division','Love Will Tear Us Apart',208,'2012-05-08 04:55:09',1,NULL),(1017,'yt:7wqxHThRgsA','Nu Shooz','Point of No Return',212,'2012-05-08 04:55:09',1,NULL),(1018,'yt:8NjbGr2nk2c','Michael Sembello (Flashdance)','Maniac',241,'2012-05-08 04:55:09',1,NULL),(1019,'yt:8qrriKcwvlY','Timbuk 3','The Future\'s So Bright',201,'2012-05-08 04:55:09',1,NULL),(1020,'yt:IMIlP4zB0EM','Bob Dylan','Subterranean Homesick Blues',135,'2012-05-08 04:55:09',1,NULL),(1021,'yt:8vLlpJc9mW0','Elton John','Benny and The Jets',301,'2012-05-08 04:55:09',1,NULL),(1022,'yt:97bnfcuPOjc','P Lion','Happy Children',227,'2012-05-08 04:55:09',1,NULL),(1023,'yt:998P6HEzCdI','Inner City','Good Life',246,'2012-05-08 04:55:09',1,NULL),(1024,'yt:9AKQ2H4QW9M','Split Enz','My Mistake',181,'2012-05-08 04:55:09',1,NULL),(1025,'yt:ClKfMmK9V5I','Madonna','Material Girl',283,'2012-05-08 04:55:09',1,NULL),(1026,'yt:9_A8Xe9M0NY','Devo','Dr Detroit',184,'2012-05-08 04:55:09',1,NULL),(1027,'yt:9jwyHRimHkQ','Sylvester','Rock The Box',236,'2012-05-08 04:55:09',1,NULL),(1028,'yt:5djfv4dE20U','Jackson 5','Shake Your Body Down To The Ground',207,'2012-05-08 04:55:09',1,NULL),(1029,'yt:9whehyybLqU','Nena','99 Luftballons',233,'2012-05-08 04:55:09',1,NULL),(1030,'yt:A5C8AC6V2KQ','Modern Talking','Geronimo\'s Cadillac',197,'2012-05-08 04:55:09',1,NULL),(1031,'yt:A7F2X3rSSCU','The Beatles','Lucy in the Sky with Diamonds',207,'2012-05-08 04:55:09',1,NULL),(1032,'yt:AQ4xwmZ6zi4','Def Leppard','Pour Some Sugar On Me',292,'2012-05-08 04:55:09',1,NULL),(1033,'yt:AlxCQGNeJDw','Ruins','Tricks To Survive',210,'2012-05-08 04:55:09',1,NULL),(1034,'yt:ZU1qYg79me4','Wham!','Young Guns',218,'2012-05-08 04:55:09',1,NULL),(1035,'yt:B3WIS6bB75o','Tyree','Let the Music Take Control',175,'2012-05-08 04:55:09',1,NULL),(1036,'yt:BKmldYSDJaM','Billy Idol','Eyes without a Face',232,'2012-05-08 04:55:09',1,NULL),(1037,'yt:Bj4ZqutTTQs','Missing Persons','Destination Unknown',208,'2012-05-08 04:55:09',1,NULL),(1038,'yt:BoXu6QmxpJE','Wang Chang','Everybody Have Fun Tonight',257,'2012-05-08 04:55:09',1,NULL),(1039,'yt:BzdHxqwTO-4','Kim Wilde','Kids in Ameria',212,'2012-05-08 04:55:09',1,NULL),(1040,'yt:CDfuMrUgqD4','Autograph','Turn up the radio',241,'2012-05-08 04:55:09',1,NULL),(1041,'yt:CK3uf5V0pDA','The Pretenders','Back on the Chain Gang',225,'2012-05-08 04:55:09',1,NULL),(1042,'yt:CMThz7eQ6K0','David Bowie','Ashes to Ashes',230,'2012-05-08 04:55:09',1,NULL),(1043,'yt:D67kmFzSh_o','David Bowie','Major Tom',229,'2012-05-08 04:55:09',1,NULL),(1044,'yt:bKyweX0rfOE','The Doors','People are strange',140,'2012-05-08 04:55:09',1,NULL),(1045,'yt:D6zBjYIyz-0','Real Life','Send Me An Angel',233,'2012-05-08 04:55:09',1,NULL),(1046,'yt:DJKOYbxSoZU','Australian Crawl','Beautiful People',189,'2012-05-08 04:55:09',1,NULL),(1047,'yt:DYp2LGKOF_M','The Smiths','The Boy With The Thorn In His Side',194,'2012-05-08 04:55:09',1,NULL),(1048,'yt:D_Bj8wrXslk','The Pretenders','Don\'t Get Me Wrong',229,'2012-05-08 04:55:09',1,NULL),(1049,'yt:Di-z4XSnus8','Confetti','Sound of C',223,'2012-05-08 04:55:09',1,NULL),(1050,'yt:pTwFs99iGXg','My Mine','Hypnotic Tango',221,'2012-05-08 04:55:09',1,NULL),(1051,'yt:4ycl_ayPHU0','The Cure','Fascination Street',251,'2012-05-08 04:55:09',1,NULL),(1052,'yt:Dj52Jjr0nrs','Comateens','Get Off My Case',221,'2012-05-08 04:55:09',1,NULL),(1053,'yt:E_8IXx4tsus','David Bowie','China Girl',243,'2012-05-08 04:55:09',1,NULL),(1054,'yt:Egdv8xhw35M','Blondie','Call Me',135,'2012-05-08 04:55:09',1,NULL),(1055,'yt:EnDtoFX5ITU','Trees','Shock Of The New',155,'2012-05-08 04:55:09',1,NULL),(1056,'yt:F0FBi5Rv1ho','Peter Gabriel','Big Time',277,'2012-05-08 04:55:09',1,NULL),(1057,'yt:dIQ1TLvQViY','Hall and Oates','Out of Touch',276,'2012-05-08 04:55:09',1,NULL),(1058,'yt:F0KGF8lg6Dc','Pseudo Echo','Living in a Dream',253,'2012-05-08 04:55:09',1,NULL),(1059,'yt:FG1NrQYXjLU','Billy Idol','Dancing with Myself',203,'2012-05-08 04:55:09',1,NULL),(1060,'yt:FwexPTV1_W4','Madonna','Burning Up',222,'2012-05-08 04:55:09',1,NULL),(1061,'yt:FUyd8JJaMIM','Ultravox','Passing Strangers',228,'2012-05-08 04:55:09',1,NULL),(1062,'yt:FXViS2CXLWU','Peter Schilling','The Different Story',230,'2012-05-08 04:55:09',1,NULL),(1063,'yt:Qq4j1LtCdww','Alice Cooper','Poison',269,'2012-05-08 04:55:09',1,NULL),(1064,'yt:Ff5wxR081YQ','Love and Rockets','So Alive',249,'2012-05-08 04:55:09',1,NULL),(1065,'yt:FfOOlppnZG4','Taxi Girl','Cherchez Le Garco',193,'2012-05-08 04:55:09',1,NULL),(1066,'yt:Dun-YF48gvo','Boytronic','You',203,'2012-05-08 04:55:09',1,NULL),(1067,'yt:FyMQLrnbBgE','Van Halen','Hot For Teacher',334,'2012-05-08 04:55:09',1,NULL),(1068,'yt:GND7sPNwWko','RUN-DMC','Rock Box',315,'2012-05-08 04:55:09',1,NULL),(1069,'yt:GQ0Drtft8-I','Goria Estefan','Dr. Beat',237,'2012-05-08 04:55:09',1,NULL),(1070,'yt:Gbkhla8Ivlk','Styx','Mr. Roboto',336,'2012-05-08 04:55:09',1,NULL),(1071,'yt:GguPC2U2EaI','Mike Mareen','Agent Of Liberty',329,'2012-05-08 04:55:09',1,NULL),(1072,'yt:GooJBO4KWlE','Rose Royce','Wishing on a Star',230,'2012-05-08 04:55:09',1,NULL),(1073,'yt:HBQ9dm7zaQU','Cheap Trick','I Want You To Want Me',223,'2012-05-08 04:55:09',1,NULL),(1074,'yt:HGj1RvOo-2g','Sugar Hill Gang','Rappers Delight',371,'2012-05-08 04:55:09',1,NULL),(1075,'yt:HP0_hkRV-zs','Mary Jane Girls','In My House',229,'2012-05-08 04:55:09',1,NULL),(1076,'yt:Hc4ENEP_5-w','Sweet Sensation','Love. Child',255,'2012-05-08 04:55:09',1,NULL),(1077,'yt:HiAYmEvuUng','Total Coelo','Milk from Coconuts',198,'2012-05-08 04:55:09',1,NULL),(1078,'yt:HjNTu8jdukA','Slick Rick','Childrens\' Story',237,'2012-05-08 04:55:09',1,NULL),(1079,'yt:I1wg1DNHbNU','Talking Heads','Once in a lifetime',223,'2012-05-08 04:55:09',1,NULL),(1080,'yt:IGVZOLV9SPo','Pat Benatar','Love Is A Battlefield',318,'2012-05-08 04:55:09',1,NULL),(1081,'yt:MzGnX-MbYE4','Depeche Mode','People Are People',220,'2012-05-08 04:55:09',1,NULL),(1082,'yt:IcTP7YWPayU','Eurythmics','Sex Crime 1984',225,'2012-05-08 04:55:09',1,NULL),(1083,'yt:IuezNswtRfo','The Sisters Of Mercy','Lucretia, My Reflection',253,'2012-05-08 04:55:09',1,NULL),(1084,'yt:Iwuy4hHO3YQ','Buggles','Video killed the radio star',189,'2012-05-08 04:55:09',1,NULL),(1085,'yt:J3nPLoODtGU','JJ Fad','Supersonic',233,'2012-05-08 04:55:09',1,NULL),(1086,'yt:JHYIGy1dyd8','The Fixx','One Thing Leads To Another',193,'2012-05-08 04:55:09',1,NULL),(1087,'yt:JJrSTAv0-tw','Art of Noise','Legs',356,'2012-05-08 04:55:09',1,NULL),(1088,'yt:JLYC7ltxOrk','Whodini','Freaks come out at Night',248,'2012-05-08 04:55:09',1,NULL),(1089,'yt:VdphvuyaV_I','Billy Idol','Rebel Yell',296,'2012-05-08 04:55:09',1,NULL),(1090,'yt:VutHETzf2vU','Colonel Abrams','Speculation',454,'2012-05-08 04:55:09',1,NULL),(1091,'yt:W-NiJ9K4QKM','C. C. Catch','Backseat Of Your Cadillac',201,'2012-05-08 04:55:09',1,NULL),(1092,'yt:W0YdJ66fM_c','Total Coelo','Dracula\'s Tango',198,'2012-05-08 04:55:09',1,NULL),(1093,'yt:JOO8-Jp-xsg','The Beatles','Sgt. Pepper\'s Lonely Hearts Club Band',147,'2012-05-08 04:55:09',1,NULL),(1094,'yt:JOiZP8FS5Ww','The Fixx','Saved By Zero',213,'2012-05-08 04:55:09',1,NULL),(1095,'yt:Jm-upHSP9KU','Oingo Boingo','Weird Science',213,'2012-05-08 04:55:09',1,NULL),(1096,'yt:JmcA9LIIXWw','Culture Club','Karma Chameleon',236,'2012-05-08 04:55:09',1,NULL),(1097,'yt:KFq4E9XTueY','Cyndi Lauper','She Bop',227,'2012-05-08 04:55:09',1,NULL),(1098,'yt:KNIZofPB8ZM','The Police','Don\'t Stand So Close To Me',233,'2012-05-08 04:55:09',1,NULL),(1099,'yt:KTn4o2Z-vZU','Tears For Fears','Pale Shelter',236,'2012-05-08 04:55:09',1,NULL),(1100,'yt:KXewIR7Y7cc','Blondie','One Way Or Another',211,'2012-05-08 04:55:09',1,NULL),(1101,'yt:KnIJOO__jVo','Lene Lovich','Lucky Number',166,'2012-05-08 04:55:09',1,NULL),(1102,'yt:YtHe4oyPY_k','Power Station','Get It On',223,'2012-05-08 04:55:09',1,NULL),(1103,'yt:KwIe_sjKeAY','Madness','Our House',224,'2012-05-08 04:55:09',1,NULL),(1104,'yt:KzA-V0YN3QA','Bronski Beat','Tell Me Why',242,'2012-05-08 04:55:09',1,NULL),(1105,'yt:L03PJeB38dI','Blancmange','Living on the Ceiling',329,'2012-05-08 04:55:09',1,NULL),(1106,'yt:L5si4rGARBo','C. C. Catch','Strangers By Night',195,'2012-05-08 04:55:09',1,NULL),(1107,'yt:P0Hdt_zWIPI','The Clash','Rock the Casbah',216,'2012-05-08 04:55:09',1,NULL),(1108,'yt:LHcP4MWABGY','U2','Pride (In the name of Love)',247,'2012-05-08 04:55:09',1,NULL),(1109,'yt:LTYvjrM6djo','David Bowie','Blue Jean',202,'2012-05-08 04:55:09',1,NULL),(1110,'yt:LV0eTlLU31k','Latin Fire','Fancy',215,'2012-05-08 04:55:09',1,NULL),(1111,'yt:Lp2qcCrdBLA','Modern Talking','Brother Louie',225,'2012-05-08 04:55:09',1,NULL),(1112,'yt:Lr-OgG1A74c','Farley Jackmaster Funk','Love Can\'t Turn Around',221,'2012-05-08 04:55:09',1,NULL),(1113,'yt:LuN6gs0AJls','Modern English','I Melt With You ',228,'2012-05-08 04:55:09',1,NULL),(1114,'yt:SFsHSHE-iJQ','Tears For Fears','Mad World',222,'2012-05-08 04:55:09',1,NULL),(1115,'yt:M5NE1QHRSUs','The Romantics','Talking in your Sleep',237,'2012-05-08 04:55:09',1,NULL),(1116,'yt:MA5oz8b3UJM','Pete Shelley','Telephone Operator',197,'2012-05-08 04:55:09',1,NULL),(1117,'yt:MI0a9hTh5AU','The Cure','Why Can\'t I Be You',202,'2012-05-08 04:55:09',1,NULL),(1118,'yt:dxucr5TSxDg','The Sisters Of Mercy','Walk Away',228,'2012-05-08 04:55:09',1,NULL),(1119,'yt:MdOyJ8yb7rI','First Choice','Doctor Love',143,'2012-05-08 04:55:09',1,NULL),(1120,'yt:-5Yx2TnN9mc','Alphaville','Forever Young',330,'2012-05-08 04:55:09',1,NULL),(1121,'yt:Qvzp1pZlrrg','Joe Yellow','Take My Heart',213,'2012-05-08 04:55:09',1,NULL),(1122,'yt:MRwIcNJ_qJs','Alba','Only Music Survives',262,'2012-05-08 04:55:09',1,NULL),(1123,'yt:pw3XPxEFLOc','Lisa Stansfield','All Around The World',261,'2012-05-08 04:55:09',1,NULL),(1124,'yt:dpC81-SJcvo','Bonnie Taylor','Total Eclipse of the Heart',283,'2012-05-08 04:55:09',1,NULL),(1125,'yt:EPOIS5taqA8','Kim Carnes','Bette Davis Eyes',218,'2012-05-08 04:55:09',1,NULL),(1126,'yt:y25stK5ymlA','Annie Lennox','Walking On Broken Glass',239,'2012-05-08 04:55:09',1,NULL),(1127,'yt:VdQY7BusJNU','Cyndi Lauper','Time After Time',297,'2012-05-08 04:55:09',1,NULL),(1128,'yt:FHsip5xOenQ','The Sundays','Here\'s Where The Story Ends',244,'2012-05-08 04:55:09',1,NULL),(1129,'yt:Gf1WT8VEZxk','Limahl','Never Ending Story',224,'2012-05-08 04:55:10',1,NULL),(1130,'yt:nKWbMJOIkUk','Kajagoogoo','Too Shy',222,'2012-05-08 04:55:10',1,NULL),(1131,'yt:IasCZL072fQ','Missing Persons','Words',262,'2012-05-08 04:55:10',1,NULL),(1132,'yt:MZjAantupsA','Cameo','Word Up',280,'2012-05-08 04:55:10',1,NULL),(1133,'yt:MbXWrmQW-OE','The Police','Message In a Bottle',246,'2012-05-08 04:55:10',1,NULL),(1134,'yt:MeG-hNXXy6I','Men At Work','Down Under',220,'2012-05-08 04:55:10',1,NULL),(1135,'yt:MhpokfEKfx8','Sparks','Beat the Clock',214,'2012-05-08 04:55:10',1,NULL),(1136,'yt:MkYyG1GOETc','The Riptides','77 Sunset Strip',197,'2012-05-08 04:55:10',1,NULL),(1137,'yt:N-aK6JnyFmk','Mamas & The Papas','California Dreamin',155,'2012-05-08 04:55:10',1,NULL),(1138,'yt:NIHJ9RMAVGI','The Who','Won\'t get Fooled Again',219,'2012-05-08 04:55:10',1,NULL),(1139,'yt:Z0GFRcFm-aY','R.E.M.','It\'s The End Of The World',244,'2012-05-08 04:55:10',1,NULL),(1140,'yt:N5XkKceOvwY','Kraftwerk','The Robots',223,'2012-05-08 04:55:10',1,NULL),(1141,'yt:NN5OgiwprP8','RedRockets','China',237,'2012-05-08 04:55:10',1,NULL),(1142,'yt:NVQCpI4GbKQ','Icicle Works','Birds Fly (Whisper To A Scream)',218,'2012-05-08 04:55:10',1,NULL),(1143,'yt:NXQYyKzyDaE','Talk Talk','It\'s My Life',256,'2012-05-08 04:55:10',1,NULL),(1144,'yt:NZ2X2_ts5Kw','Josie Cotton','Johnny Are You Queer?',118,'2012-05-08 04:55:10',1,NULL),(1145,'yt:Nl8ULWxt7sQ','The Primitives','Crash',150,'2012-05-08 04:55:10',1,NULL),(1146,'yt:Nm_QilrHkh8','The Jets','Crush on You',220,'2012-05-08 04:55:10',1,NULL),(1147,'yt:Nnpil_pRUiw','The Beatles','I am the Walrus',283,'2012-05-08 04:55:10',1,NULL),(1148,'yt:OlyKwXND5xs','Rush','Distant Early Warning',301,'2012-05-08 04:55:10',1,NULL),(1149,'yt:O4o8TeqKhgY','Grandmaster Flash','The Message',357,'2012-05-08 04:55:10',1,NULL),(1150,'yt:OG3PnQ3tgzY','Taco','Puttin on the Ritz',273,'2012-05-08 04:55:10',1,NULL),(1151,'yt:OJTd9y-l6ks','The Guess Who','American Woman',218,'2012-05-08 04:55:10',1,NULL),(1152,'yt:FcchCQuXrH8','ABC','The Look of Love',206,'2012-05-08 04:55:10',1,NULL),(1153,'yt:OtJn2VMmvY4','Madness','Tomorrow Is Just Another Day',229,'2012-05-08 04:55:10',1,NULL),(1154,'yt:P-hRy5ilcGs','Baby\'s Gang','Happy song',222,'2012-05-08 04:55:10',1,NULL),(1155,'yt:P0FKzPfsxA4','Bobby Brown','Every Little Step',250,'2012-05-08 04:55:10',1,NULL),(1156,'yt:Se-QYEgAU8E','Kon Kan','I Beg Your Pardon',244,'2012-05-08 04:55:10',1,NULL),(1157,'yt:T8__EwAT8VM','The Ventures','Wipe Out',220,'2012-05-08 04:55:10',1,NULL),(1158,'yt:9EcjWd-O4jI','Technotronic','Pump Up The Jam',223,'2012-05-08 04:55:10',1,NULL),(1159,'yt:P0TQNp5MIO0','Madness','Shutup',221,'2012-05-08 04:55:10',1,NULL),(1160,'yt:O1Q7Wj8IQTQ','Ruins','Fire',231,'2012-05-08 04:55:10',1,NULL),(1161,'yt:JSk7jw6uD3o','Charly Garcia','Estoy Verde - No Me Dejan Salir',249,'2012-05-08 04:55:10',1,NULL),(1162,'yt:P5m8lj5DCtI','Lisa Lisa & Cult Jam','I Wonder If I Take You Home',238,'2012-05-08 04:55:10',1,NULL),(1163,'yt:P9mwELXPGbA','Murray Head','One Night in Bangkok',236,'2012-05-08 04:55:10',1,NULL),(1164,'yt:PIb6AZdTr-A','Cyndi Lauper','Girls Just Want To Have Fun',268,'2012-05-08 04:55:10',1,NULL),(1165,'yt:PJFShE1VfEc','Yello','Bostich',194,'2012-05-08 04:55:10',1,NULL),(1166,'yt:PSTHMxBttlU','Madness','Night Boat To Cairo',225,'2012-05-08 04:55:10',1,NULL),(1167,'yt:PVzEfR6wL70','OMD','Tesla Girls',213,'2012-05-08 04:55:10',1,NULL),(1168,'yt:C_Z48dHFYLc','The Church','Under The Milky Way',299,'2012-05-08 04:55:10',1,NULL),(1169,'yt:VJYfUS96f6w','Rufus Chaka Khan','Ain\'t Nobody',264,'2012-05-08 04:55:10',1,NULL),(1170,'yt:PYnK83WxJnw','Howard Jones','New Song',228,'2012-05-08 04:55:10',1,NULL),(1171,'yt:PdLIerfXuZ4','The Who','Who Are You?',295,'2012-05-08 04:55:10',1,NULL),(1172,'yt:Rbm6GXllBiw','Guns N\' Roses','Paradise City',410,'2012-05-08 04:55:10',1,NULL),(1173,'yt:RqQn2ADZE1A','Aerosmith','Janie\'s Got A Gun',330,'2012-05-08 04:55:10',1,NULL),(1174,'yt:ZB_2oIKUVks','Pink Floyd','Welcome To The Machine',433,'2012-05-08 04:55:10',1,NULL),(1175,'yt:9muzyOd4Lh8','The Moody Blues','Nights In White Satin',261,'2012-05-08 04:55:10',1,NULL),(1176,'yt:SE6CNBTT0go','The Rolling Stones','Paint it Black',132,'2012-05-08 04:55:10',1,NULL),(1177,'yt:PffB49ILRZU','Heart','Barracuda',234,'2012-05-08 04:55:10',1,NULL),(1178,'yt:RlNhD0oS5pk','Led Zeppelin','Immigrant Song',248,'2012-05-08 04:55:10',1,NULL),(1179,'yt:QQxl9EI9YBg','U2','Where The Streets Have No Name',303,'2012-05-08 04:55:10',1,NULL),(1180,'yt:QYHxGBH6o4M','Rick James','Super Freak',202,'2012-05-08 04:55:10',1,NULL),(1181,'yt:QdV-5ivltkc','Yazoo','Situation',347,'2012-05-08 04:55:10',1,NULL),(1182,'yt:_pqC563bX_w','Captain Sensible','Wot',207,'2012-05-08 04:55:10',1,NULL),(1183,'yt:QmDCTLAi67A','The Flirts','Helpless',214,'2012-05-08 04:55:10',1,NULL),(1184,'yt:RczATjSmdNs','Ric Ocasek','Jimmy Jimmy',300,'2012-05-08 04:55:10',1,NULL),(1185,'yt:TzFnYcIqj6I','Eurythmics','Here Comes The Rain Again',284,'2012-05-08 04:55:10',1,NULL),(1186,'yt:ezdBwEMi0W8','Valerie Dore','Get closer',199,'2012-05-08 04:55:10',1,NULL),(1187,'yt:PeGTJOFSIgU','Visage','Fade To Grey',202,'2012-05-08 04:55:10',1,NULL),(1188,'yt:QtPefHZ0PV0','Electric Light Orchestra','Hold on Tight',185,'2012-05-08 04:55:10',1,NULL),(1189,'yt:ZSjn3CAC5zI','Michael Jackson','Dancing Machine',204,'2012-05-08 04:55:10',1,NULL),(1190,'yt:R30P9CgKfSs','Carola','The Runaway',194,'2012-05-08 04:55:10',1,NULL),(1191,'yt:R6xm_iUA_90','Real Life','Catch me I\'m falling',235,'2012-05-08 04:55:10',1,NULL),(1192,'yt:RXfXTB7UcuU','The Psychedelic Furs','Heartbreak Beat',246,'2012-05-08 04:55:10',1,NULL),(1193,'yt:RIcmIhOesaI','Art of Noise','Moments in Love',261,'2012-05-08 04:55:10',1,NULL),(1194,'yt:jlsYEuv4rwA','Whodini','Magic\'s Wand',261,'2012-05-08 04:55:10',1,NULL),(1195,'yt:RS_ux2H473I','The Cure','Just Like Heaven',198,'2012-05-08 04:55:10',1,NULL),(1196,'yt:RT9O-pUGsVM','World Class Wreckin Cru ft. Dr. Dre','Surgery',255,'2012-05-08 04:55:10',1,NULL),(1197,'yt:LuyS9M8T03A','George Clinton','Atomic Dog',255,'2012-05-08 04:55:10',1,NULL),(1198,'yt:fK9hK82r-AM','Frankie Smith','Double Dutch Bus',301,'2012-05-08 04:55:10',1,NULL),(1199,'yt:eomxwZcrvlY','The Cover Girls','Show Me',225,'2012-05-08 04:55:10',1,NULL),(1200,'yt:Yv0rHDI0ujY','Stevie B','Spring Love',302,'2012-05-08 04:55:10',1,NULL),(1201,'yt:3tCEQwww65g','Greg Kihn Band','Jeopardy',264,'2012-05-08 04:55:10',1,NULL),(1202,'yt:3fI8834iCgo','Thomas Dolby','She blinded me with science',231,'2012-05-08 04:55:10',1,NULL),(1203,'yt:G333Is7VPOg','Madonna','Papa Don\'t Preach',306,'2012-05-08 04:55:10',1,NULL),(1204,'yt:3y5Ru76ce6Q','Machinations','Pressure Sway',242,'2012-05-08 04:55:10',1,NULL),(1205,'yt:2v8YragSIuI','Expose','Point Of No Return',210,'2012-05-08 04:55:10',1,NULL),(1206,'yt:6LF_kPp0-8U','Ago','Computer',180,'2012-05-08 04:55:10',1,NULL),(1207,'yt:FWzrcb8qZg8','Koto','Dragons Lair',406,'2012-05-08 04:55:10',1,NULL),(1208,'yt:sV-3Otn_4uQ','Space','Magic Fly',197,'2012-05-08 04:55:10',1,NULL),(1209,'yt:sk6o4GWFIV8','YMO','Rydeen',259,'2012-05-08 04:55:10',1,NULL),(1210,'yt:EnmTtC7A_qc','A Split-Second','Flesh',158,'2012-05-08 04:55:10',1,NULL),(1211,'yt:DQvG2SMVl84','Pink Floyd','One of These Days',357,'2012-05-08 04:55:10',1,NULL),(1212,'yt:Gpq9UsFUuO4','Pamala Stanley','Coming out of hiding',243,'2012-05-08 04:55:10',1,NULL),(1213,'yt:SEyhtdPEQxA','Siouxsie & The Banshees','Dazzle',215,'2012-05-08 04:55:10',1,NULL),(1214,'yt:q68Qwgz1aXQ','Pink Floyd','Run like hell',150,'2012-05-08 04:55:10',1,NULL),(1215,'yt:g2BqLlVHlWA','U2','I Will Follow',214,'2012-05-08 04:55:10',1,NULL),(1216,'yt:_mSmOcmk7uQ','R.E.M.','Orange Crush',231,'2012-05-08 04:55:10',1,NULL),(1217,'yt:g4dL0lv72oM','The Clash','London Calling',201,'2012-05-08 04:55:10',1,NULL),(1218,'yt:9AlH2oYedfk','The Smiths','Panic',139,'2012-05-08 04:55:10',1,NULL),(1219,'yt:6aumejrcEHs','PIL','This is not a Love Song',271,'2012-05-08 04:55:10',1,NULL),(1220,'yt:Eglgj77T0rk','Devo','Peek-A-Boo',180,'2012-05-08 04:55:10',1,NULL),(1221,'yt:ofkzvM7Skxg','The B-52s','Rock Lobster',240,'2012-05-08 04:55:10',1,NULL),(1222,'yt:G4JXHmvsCMU','The Bollock Brothers','Harley David, Son of a Bitch',236,'2012-05-08 04:55:10',1,NULL),(1223,'yt:ePIImGMjn_8','Romeo Void','Never Say Never',277,'2012-05-08 04:55:10',1,NULL),(1224,'yt:Sg3mBcb_t7o','Orquesta Mondragon','Caperucita Feroz',142,'2012-05-08 04:55:10',1,NULL),(1225,'yt:_UXtort76gY','Berlin','The Metro',239,'2012-05-08 04:55:10',1,NULL),(1226,'yt:o6f593X6rv8','Eurythmics','Love Is A Stranger',226,'2012-05-08 04:55:10',1,NULL),(1227,'yt:BVSrOZIQpZU','Koto','Japanese War Game',381,'2012-05-08 04:55:10',1,NULL),(1228,'yt:YXTor_NUPIE','Radiorama','Vampires',199,'2012-05-08 04:55:10',1,NULL),(1229,'yt:dDLiVwpv89s','Duran Duran','Ordinary World',280,'2012-05-08 04:55:10',1,NULL),(1230,'yt:fcpQQ63zhLU','Public Image Limited','The Order Of Death',263,'2012-05-08 04:55:10',1,NULL),(1231,'yt:WZ-1DYwaxrE','Freez','I.O.U',230,'2012-05-08 04:55:10',1,NULL),(1232,'yt:rDhzZ7jAUKA','Break Machine','Street Dance',231,'2012-05-08 04:55:10',1,NULL),(1233,'yt:ZzEo0z5q-XY','John Rocca','I Want It To Be Real',233,'2012-05-08 04:55:10',1,NULL),(1234,'yt:hMVW8E5O3uA','Doctor\'s Cat','Watch Out',408,'2012-05-08 04:55:10',1,NULL),(1235,'yt:egDJc1HhiZ4','INXS','Original Sin',230,'2012-05-08 04:55:10',1,NULL),(1236,'yt:VHTRlIeKxE4','Go-Gos','Head Over Heels',218,'2012-05-08 04:55:10',1,NULL),(1237,'yt:9B090fZFU7w','Takeaways','Sweet & Sour',183,'2012-05-08 04:55:10',1,NULL),(1238,'yt:CdqoNKCCt7A','Simple Minds','Don\'t You (Forget About Me)',260,'2012-05-08 04:55:10',1,NULL),(1239,'yt:lRyHZccoAsk','Information Society','What\'s on your mind',250,'2012-05-08 04:55:10',1,NULL),(1240,'yt:54IN3URGuM8','Tears For Fears','Shout',349,'2012-05-08 04:55:10',1,NULL),(1241,'yt:RTOQUnvI3CA','Frankie Goes to Hollywood','Two Tribes',287,'2012-05-08 04:55:10',1,NULL),(1242,'yt:Nvaxpk9oPW8','Kim Wilde','You Keep Me Hangin\' On',236,'2012-05-08 04:55:10',1,NULL),(1243,'yt:ST86JM1RPl0','Tears For Fears','Everybody Wants To Rule The World',191,'2012-05-08 04:55:10',1,NULL),(1244,'yt:45wCqCAeSWY','Trees','Delta Sleep',213,'2012-05-08 04:55:10',1,NULL),(1245,'yt:SbzYn48qJxU','The Bongos','Numbers With Wings',264,'2012-05-08 04:55:10',1,NULL),(1246,'yt:YR5ApYxkU-U','Pink Floyd','Another Brick in the Wall',361,'2012-05-08 04:55:10',1,NULL),(1247,'yt:jsmcDLDw9iw','Iron Maiden','The Number Of The Beast',305,'2012-05-08 04:55:10',1,NULL),(1248,'yt:dJeBvNuYPMM','Stargazer','Rainbow',505,'2012-05-08 04:55:10',1,NULL),(1249,'yt:-CyGT8f9_v4','Rush','Afterimage',305,'2012-05-08 04:55:10',1,NULL),(1250,'yt:ffo4tzU0rUc','Led Zeppelin','Kashmir',512,'2012-05-08 04:55:10',1,NULL),(1251,'yt:-JoSIGGOGZQ','Black Sabbath','Paranoid',162,'2012-05-08 04:55:10',1,NULL),(1252,'yt:s1sAkZF7SCQ','Deep Purple','Smoke On The Water',370,'2012-05-08 04:55:10',1,NULL),(1253,'yt:eBMPks2-Ggk','Black Sabbath','Iron Man',353,'2012-05-08 04:55:10',1,NULL),(1254,'yt:Uvk6DJu26gI','Kenny Loggins','Danger Zone',211,'2012-05-08 04:55:10',1,NULL),(1255,'yt:Us3LemNhFOA','INXS','The One Thing',208,'2012-05-08 04:55:10',1,NULL),(1256,'yt:UCtWkFbW0Us','Haysi Fantayzee','Shiny Shiny',170,'2012-05-08 04:55:10',1,NULL),(1257,'yt:4B2a6l6wM2k','Adam and The Ants','Stand and Deliver',176,'2012-05-08 04:55:10',1,NULL),(1258,'yt:VQzVHs4pn9A','Yello','I Love You',204,'2012-05-08 04:55:10',1,NULL),(1259,'yt:WGU_4-5RaxU','Blondie','Heart Of Glass',221,'2012-05-08 04:55:10',1,NULL),(1260,'yt:oRdxUFDoQe0','Michael Jackson','Beat It',297,'2012-05-08 04:55:10',1,NULL),(1261,'yt:Wn9E5i7l-Eg','Pet Shop Boys','What Have I Done To Deserve This?',257,'2012-05-08 04:55:10',1,NULL),(1262,'yt:QE61Bz7IHKg','Howard Jones','What is Love',225,'2012-05-08 04:55:10',1,NULL),(1263,'yt:X2LTL8KgKv8','Corey Hart','Sunglasses At Night',233,'2012-05-08 04:55:10',1,NULL),(1264,'yt:XeJLZi0uyJw','Sheila E.','The Glamorous Life',220,'2012-05-08 04:55:10',1,NULL),(1265,'yt:Xn-od3KxBZw','Nancy Sinatra','These Boots Are Made For Walking',144,'2012-05-08 04:55:10',1,NULL),(1266,'yt:Xuz94ZIPfJk','Bronski Beat','Smalltown Boy',298,'2012-05-08 04:55:10',1,NULL),(1267,'yt:YEZSpj5R5L4','Sandii & The Sunsetz','Alive',123,'2012-05-08 04:55:10',1,NULL),(1268,'yt:YlXtrnh-Ejo','King','Love & Pride',206,'2012-05-08 04:55:10',1,NULL),(1269,'yt:Z61tlxcqaVE','Arthur Brown','Fire',163,'2012-05-08 04:55:10',1,NULL),(1270,'yt:Q1cfTMdjkYM','Jefferson Airplane','White Rabbit and Don\'t you Want Someboby To Love',396,'2012-05-08 04:55:10',1,NULL),(1271,'yt:RnYnSnVmXvM','Iron Butterfly','In A Gadda Da Vida',899,'2012-05-08 04:55:10',1,NULL),(1272,'yt:eaKnRUfh_5I','Santana','Black Magic Woman',203,'2012-05-08 04:55:10',1,NULL),(1273,'yt:geHLdg_VNww','Iron Maiden','Run To The Hills',230,'2012-05-08 04:55:10',1,NULL),(1274,'yt:nM__lPTWThU','Judas Priest','Painkiller',368,'2012-05-08 04:55:10',1,NULL),(1275,'yt:1w7OgIMMRc4','Guns N\' Roses','Sweet Child O\' Mine',299,'2012-05-08 04:55:11',1,NULL),(1276,'yt:1XHcPYorSJw','Motley Crue','Dr. Feelgood',293,'2012-05-08 04:55:11',1,NULL),(1277,'yt:iYf_NM_lCLI','Joan Jett And The Runaways','Cherry Bomb',142,'2012-05-08 04:55:11',1,NULL),(1278,'yt:aH3Q_CZy968','Blondie','Call Me',188,'2012-05-08 04:55:11',1,NULL),(1279,'yt:pgifFdi8eio','The Sisters Of Mercy','This Corrosion',652,'2012-05-08 04:55:11',1,NULL),(1280,'yt:99vgiU-qsoo','Iron Maiden','2 Minutes To Midnight',381,'2012-05-08 04:55:11',1,NULL),(1281,'yt:9d4ui9q7eDM','Megadeth','Holy Wars...The Punishment Due',343,'2012-05-08 04:55:11',1,NULL),(1282,'yt:_9tOR4On8Uk','Red Rider','Lunatic Fringe',258,'2012-05-08 04:55:11',1,NULL),(1283,'yt:8SbUC-UaAxE','Guns N\' Roses','November Rain',548,'2012-05-08 04:55:11',1,NULL),(1284,'yt:KWz15aDO14M','Heroes Del Silencio','Maldito Deuende',266,'2012-05-08 04:55:11',1,NULL),(1285,'yt:_JDBu3tRm1E','Ramones','Blitzkrieg Bop',146,'2012-05-08 04:55:11',1,NULL),(1286,'yt:PAhz-ysgUzc','The Jacksons','Can You Feel It',291,'2012-05-08 04:55:11',1,NULL),(1287,'yt:ZCM4_5uB1ww','The Fixx','Red Skies',226,'2012-05-08 04:55:11',1,NULL),(1288,'yt:Z3OjiZS5GNc','Baby\'s Gang','Challenger',222,'2012-05-08 04:55:11',1,NULL),(1289,'yt:Zi_XLOBDo_Y','Michael Jackson','Billie Jean',294,'2012-05-08 04:55:11',1,NULL),(1290,'yt:_-0sUuGufmw','Shannon','Let The Music Play',220,'2012-05-08 04:55:11',1,NULL),(1291,'yt:_IVp3uqYZZQ','Peter Schilling','Major Tom',248,'2012-05-08 04:55:11',1,NULL),(1292,'yt:fIQMktyP90s','Led Zeppelin','Whole Lotta Love',372,'2012-05-08 04:55:11',1,NULL),(1293,'yt:Q13FbBavgz4','Taco','Superphysical Resurrection',173,'2012-05-08 04:55:11',1,NULL),(1294,'yt:Hk3LHHOlm6o','Loco Mia','Loco Mia',214,'2012-05-08 04:55:11',1,NULL),(1295,'yt:_r0n9Dv6XnY','Baltimora','Tarzan Boy',219,'2012-05-08 04:55:11',1,NULL),(1296,'yt:p8-pP4VboBk','Laura Branigan','Self Control',306,'2012-05-08 04:55:11',1,NULL),(1297,'yt:_w4Xulsjo5I','Falco','Der Kommissar',223,'2012-05-08 04:55:11',1,NULL),(1298,'yt:a5N7RNQUKts','Bangles','Walk like an Egyptian',202,'2012-05-08 04:55:11',1,NULL),(1299,'yt:-5EmnQp3V48','The Commodores','Brick House',193,'2012-05-08 04:55:11',1,NULL),(1300,'yt:2RJlYzBhLg4','Afrika Bambaataa','Looking for the Perfect Beat',418,'2012-05-08 04:55:11',1,NULL),(1301,'yt:vVdyFs576PA','D-Train','Your The One For Me',176,'2012-05-08 04:55:11',1,NULL),(1302,'yt:v7H_gGA7Qr4','Hashim','Al Naafiysh',91,'2012-05-08 04:55:11',1,NULL),(1303,'yt:DgD4x_SfyD8','Mantronix','Bassline',235,'2012-05-08 04:55:11',1,NULL),(1304,'yt:9lDCYjb8RHk','Africa Bambaataa','Planet Rock',240,'2012-05-08 04:55:11',1,NULL),(1305,'yt:Wbb7CDFDucw','Newcleus','Jam on it',280,'2012-05-08 04:55:11',1,NULL),(1306,'yt:otCpCn0l4Wo','MC Hammer','U Can\'t Touch This',278,'2012-05-08 04:55:11',1,NULL),(1307,'yt:z33tH-JdPDg','Snap','The power',225,'2012-05-08 04:55:11',1,NULL),(1308,'yt:1xFMg2Bc5GE','LA Dream Team','Nursery Rhymes',216,'2012-05-08 04:55:11',1,NULL),(1309,'yt:E7t8eoA_1jQ','Erik B and Rakim','Paid in Full',216,'2012-05-08 04:55:11',1,NULL),(1310,'yt:1PO19wvNr98','Kool Rock Steady','You Ain\'t Nobody',217,'2012-05-08 04:55:11',1,NULL),(1311,'yt:2RgMngGPTJg','Whitney Houston','I\'m Your Baby Tonight',251,'2012-05-08 04:55:11',1,NULL),(1312,'yt:aENX1Sf3fgQ','The Police','Every Little Thing She Does Is Magic',251,'2012-05-08 04:55:11',1,NULL),(1313,'yt:aINmJ5ieM6Y','Stacey Q','Two of Hearts',231,'2012-05-08 04:55:11',1,NULL),(1314,'yt:aNSRdXMMY-M','Muriel Dacq','Tropique',209,'2012-05-08 04:55:11',1,NULL),(1315,'yt:sOu3Dy5A4ME','Alaska y Dinarama','Alaska y Dinarama',224,'2012-05-08 04:55:11',1,NULL),(1316,'yt:gvlxRvhCB_A','Elvis Presley','A Little Less Conversation',110,'2012-05-08 04:55:11',1,NULL),(1317,'yt:hCuMWrfXG4E','Billy Joel','Uptown Girl',203,'2012-05-08 04:55:11',1,NULL),(1318,'yt:N4d7Wp9kKjA','David Bowie','Let\'s Dance',248,'2012-05-08 04:55:11',1,NULL),(1319,'yt:p4oya9nYv7Q','Raf','Self Control',236,'2012-05-08 04:55:11',1,NULL),(1320,'yt:aQy5vKAaTuA','Oingo Boingo','Nothing Bad Ever Happens to Me',226,'2012-05-08 04:55:11',1,NULL),(1321,'yt:aX1PwkgwsG0','Echo & The Bunnymen','The Killing Moon',293,'2012-05-08 04:55:11',1,NULL),(1322,'yt:iVWWtqa9-7M','Adam Ant','Desperate But Not Serious',235,'2012-05-08 04:55:11',1,NULL),(1323,'yt:ZwlDza_dV20','Polyrock','Bucket Rider',184,'2012-05-08 04:55:11',1,NULL),(1324,'yt:aeqCqxhxLtc','Burning Sensations','Belly of the Whale',216,'2012-05-08 04:55:11',1,NULL),(1325,'yt:ahj093_jkgo','Berlin','Sex',232,'2012-05-08 04:55:11',1,NULL),(1326,'yt:crbFmpezO4A','Michael Jackson','Leave Me Alone',276,'2012-05-08 04:55:11',1,NULL),(1327,'yt:avCeJnw9WbQ','Suzanne Vega','Toms Diner',178,'2012-05-08 04:55:11',1,NULL),(1328,'yt:ayu2XZ-mFGw','Gene Loves Jezebel','Desire (Come And Get It)',232,'2012-05-08 04:55:11',1,NULL),(1329,'yt:azr2ooLlfzQ','Berlin','Masquerade',272,'2012-05-08 04:55:11',1,NULL),(1330,'yt:b-98JMMsgPY','The Treacherous Three & Doug E Fresh','Santa\'s Rap',192,'2012-05-08 04:55:11',1,NULL),(1331,'yt:b9xBAtCsCTQ','Trans-X','Living on Video',271,'2012-05-08 04:55:11',1,NULL),(1332,'yt:-DGjfcUkRGk','Fun Fun','Color My Love',128,'2012-05-08 04:55:11',1,NULL),(1333,'yt:bDbpzjbXUZI','Eddie Murphy','Party All The Time',246,'2012-05-08 04:55:11',1,NULL),(1334,'yt:bEea624OBzM','Billy Joel','Big Shot',220,'2012-05-08 04:55:11',1,NULL),(1335,'yt:bHoPYLQvnQM','Slade','Run Runaway',215,'2012-05-08 04:55:11',1,NULL),(1336,'yt:bNZoLGkvxLs','Stevie Nick','Edge of Seventeen',553,'2012-05-08 04:55:11',1,NULL),(1337,'yt:n6p5Q6_JBes','Duran Duran','Union Of The Snake',260,'2012-05-08 04:55:11',1,NULL),(1338,'yt:bPjfD8ulnpw','Adam and The Ants','Antmusic',205,'2012-05-08 04:55:11',1,NULL),(1339,'yt:b_KBnY-2F4Y','Taxi-Girl','Paris',272,'2012-05-08 04:55:11',1,NULL),(1340,'yt:be0mRpzdAT4','Tears For Fears','Head over Heals',257,'2012-05-08 04:55:11',1,NULL),(1341,'yt:aIxgBMNhsKU','The Plimsouls','A Million Miles Away',265,'2012-05-08 04:55:11',1,NULL),(1342,'yt:c98qdFQF7sw','Alphaville','Big in Japan',228,'2012-05-08 04:55:11',1,NULL),(1343,'yt:cDs9zbiumDc','The Police','Spirits in the Material World',422,'2012-05-08 04:55:11',1,NULL),(1344,'yt:bo9riZYUpTw','Peter Gabriel','Shock the Monkey',244,'2012-05-08 04:55:11',1,NULL),(1345,'yt:aCca5mPMp9A','Toto','Africa',273,'2012-05-08 04:55:11',1,NULL),(1346,'yt:xT4Kw3A0pHI','Depeche Mode','The Rumour (Blasphemous Rumours)',481,'2012-05-08 04:55:11',1,NULL),(1347,'yt:cVikZ8Oe_XA','Falco','Rock Me Amadeus',202,'2012-05-08 04:55:11',1,NULL),(1348,'yt:crjlOTkzL80','Daryl Hall & John Oates','Maneater',361,'2012-05-08 04:55:11',1,NULL),(1349,'yt:cySnG42s0lE','Elton John','Pinball Wizard',262,'2012-05-08 04:55:11',1,NULL),(1350,'yt:d4O1A-mmBWw','Total Coelo','I Eat Cannibals',207,'2012-05-08 04:55:11',1,NULL),(1351,'yt:LxLhytQ67fs','Cyndi Lauper','The Goonies \'R\' Good Enough',440,'2012-05-08 04:55:11',1,NULL),(1352,'yt:dHb7_steTDU','Talking Heads','Psychokiller',325,'2012-05-08 04:55:11',1,NULL),(1353,'yt:7gW6WcwNirk','Go West','Call Me',244,'2012-05-08 04:55:11',1,NULL),(1354,'yt:wFaXTcR4dtE','Huey Lewis & the News','The Power of Love',358,'2012-05-08 04:55:11',1,NULL),(1355,'yt:dOad0FU9zF8','Jesse Rae','Over The Sea',283,'2012-05-08 04:55:11',1,NULL),(1356,'yt:di60NYGu03Y','Pet Shop Boys','Opportunities',223,'2012-05-08 04:55:11',1,NULL),(1357,'yt:dsUXAEzaC3Q','Michael Jackson','Bad',260,'2012-05-08 04:55:11',1,NULL),(1358,'yt:e3W6yf6c-FA','Duran Duran','Rio',304,'2012-05-08 04:55:11',1,NULL),(1359,'yt:Ac0oaXhz1u8','R.E.M.','Radio Free Europe',190,'2012-05-08 04:55:11',1,NULL),(1360,'yt:eB1LI9j2btc','The B-52s','Roam',239,'2012-05-08 04:55:11',1,NULL),(1361,'yt:eFTLKWw542g','Billy Joel','We Didn\'t Start The Fire',246,'2012-05-08 04:55:11',1,NULL),(1362,'yt:eH3giaIzONA','Whitney Houston','I Wanna Dance With Somebody',315,'2012-05-08 04:55:11',1,NULL),(1363,'yt:ejorQVy3m8E','Midnight Oil','Beds Are Burning',277,'2012-05-08 04:55:11',1,NULL),(1364,'yt:lKVa4O2MuS0','Taylor Dayne','Tell It To My Heart',224,'2012-05-08 04:55:11',1,NULL),(1365,'yt:lO_68NFm-BE','Kano','Another Life',223,'2012-05-08 04:55:11',1,NULL),(1366,'yt:lTaXtWWR16A','Madonna','Vogue',385,'2012-05-08 04:55:11',1,NULL),(1367,'yt:eyCEexG9xjw','Wall Of Voodoo','Mexican Radio',235,'2012-05-08 04:55:11',1,NULL),(1368,'yt:Ded4MZVVAhE','The Knack','My Sharona',244,'2012-05-08 04:55:11',1,NULL),(1369,'yt:f-kfmuGHtxo','JoBoxers','Just Got Lucky',223,'2012-05-08 04:55:11',1,NULL),(1370,'yt:f_-7fqUMuyg','The English Beat','Mirror in the Bathroom',183,'2012-05-08 04:55:11',1,NULL),(1371,'yt:fdSqpT6gfDU','The Jam','Start',142,'2012-05-08 04:55:11',1,NULL),(1372,'yt:ftJZomwDhxQ','New Order','Blue Monday',269,'2012-05-08 04:55:11',1,NULL),(1373,'yt:3T1c7GkzRQQ','The Police','Roxanne',194,'2012-05-08 04:55:11',1,NULL),(1374,'yt:g8y4c23aUtk','E.L.O.','Evil Woman',220,'2012-05-08 04:55:11',1,NULL),(1375,'yt:gEL4qLmtQ30','The Pretenders','Brass In Pocket',181,'2012-05-08 04:55:11',1,NULL),(1376,'yt:gEmJ-VWPDM4','The Vapors','Turning Japanese',227,'2012-05-08 04:55:11',1,NULL),(1377,'yt:gHDbv7ZPCE0','Madonna','Borderline',237,'2012-05-08 04:55:11',1,NULL),(1378,'yt:gg3FOJNAiks','Psychedelic Furs','Pretty in Pink',239,'2012-05-08 04:55:11',1,NULL),(1379,'yt:gudEttJlw3s','Duran Duran','Girls On Film',209,'2012-05-08 04:55:11',1,NULL),(1380,'yt:hFVuuRxM2VU','Culture Club','Miss Me Blind',286,'2012-05-08 04:55:11',1,NULL),(1381,'yt:hRqdOyMnnxM','New Order','Perfect Kiss',323,'2012-05-08 04:55:11',1,NULL),(1382,'yt:hqyc37aOqT0','Peter Gabriel','Sledgehammer',293,'2012-05-08 04:55:11',1,NULL),(1383,'yt:hrUUKoz8IM0','XTC','Dear God',218,'2012-05-08 04:55:11',1,NULL),(1384,'yt:YkADj0TPrJA','Phil Collins','In The Air Tonight',293,'2012-05-08 04:55:11',1,NULL),(1385,'yt:i-j3xITvYQY','Pink Floyd','Money',282,'2012-05-08 04:55:11',1,NULL),(1386,'yt:i44WVe1Hci4','The Units','A Girl Like You',227,'2012-05-08 04:55:11',1,NULL),(1387,'yt:iNOdFQ-BN7o','Los Prisioneros','Tren al Sur',320,'2012-05-08 04:55:11',1,NULL),(1388,'yt:iQM8mdpG6qc','Digital Emotion','Go Go Yellow Screen',277,'2012-05-08 04:55:11',1,NULL),(1389,'yt:inrEPapTtMM','Joe Jackson','Stepping Out',209,'2012-05-08 04:55:11',1,NULL),(1390,'yt:iypUpv9xelg','Oingo Boingo','Dead Man\'s Party',235,'2012-05-08 04:55:11',1,NULL),(1391,'yt:7YvAYIJSSZY','Rockwell','Somebody\'s Watching Me',217,'2012-05-08 04:55:11',1,NULL),(1392,'yt:jF_coqVZJwM','Arabesque','Hello Mr. Monkey',204,'2012-05-08 04:55:11',1,NULL),(1393,'yt:jFfc2LsCPnQ','Pointed Sticks','Lies',154,'2012-05-08 04:55:11',1,NULL),(1394,'yt:jItz-uNjoZA','Oingo Boingo','Little Girls',224,'2012-05-08 04:55:11',1,NULL),(1395,'yt:jPj-8_wOZcA','Public Image Ltd.','Rise',267,'2012-05-08 04:55:11',1,NULL),(1396,'yt:jUHYLBxmUEw','Thomas Dolby','I Scare Myself',305,'2012-05-08 04:55:11',1,NULL),(1397,'yt:mO3IEDRsP2Q','Alphaville','Sounds Like A Melody',269,'2012-05-08 04:55:11',1,NULL),(1398,'yt:j_RcdZzDg3c','Class Action','Weekend',226,'2012-05-08 04:55:11',1,NULL),(1399,'yt:jlkarj6uJdE','INXS','The Devil Inside',315,'2012-05-08 04:55:11',1,NULL),(1400,'yt:jztgaereXyI','Lene Lovich','New Toy',183,'2012-05-08 04:55:11',1,NULL),(1401,'yt:k6zstmlOjLs','Adam Ant','Puss\'N Boots',250,'2012-05-08 04:55:11',1,NULL),(1402,'yt:kG4wdAVltmE','Fuzzbox','International Rescue',209,'2012-05-08 04:55:11',1,NULL),(1403,'yt:kGnjrTkv1gs','The Smiths','This Charming Man',165,'2012-05-08 04:55:11',1,NULL),(1404,'yt:kOnde5c7OG8','Roxy Music','More Than This',255,'2012-05-08 04:55:11',1,NULL),(1405,'yt:knLqYYO-PaM','Sunnyboys','You Need A Friend',233,'2012-05-08 04:55:11',1,NULL),(1406,'yt:l039y9FaIjc','Michael Jackson','Speed Demon',628,'2012-05-08 04:55:11',1,NULL),(1407,'yt:kykts8xH8q4','Device','Hanging On A Heart Attack',233,'2012-05-08 04:55:11',1,NULL),(1408,'yt:lDK9QqIzhwk','Bon Jovi','Livin\' On A Prayer',249,'2012-05-08 04:55:11',1,NULL),(1409,'yt:lXInek0kz70','Yes','Owner of a lonely heart',229,'2012-05-08 04:55:11',1,NULL),(1410,'yt:gQIcFkGyR78','Iron Maiden','The Trooper',256,'2012-05-08 04:55:11',1,NULL),(1411,'yt:4ayApFc9D7E','Ozzy Osbourne','Crazy Train',247,'2012-05-08 04:55:11',1,NULL),(1412,'yt:HPkTGm4RtVM','Joan Jett & The Blackhearts','I Hate Myself For Loving You',255,'2012-05-08 04:55:11',1,NULL),(1413,'yt:mXOO7QVHgXs','Heart','Magic Man',165,'2012-05-08 04:55:11',1,NULL),(1414,'yt:ml9ZB98EfzY','Ric Ocasek','Something To grab For',223,'2012-05-08 04:55:11',1,NULL),(1415,'yt:mlrxyiIVFUU','Jethro Tull','Dun Ringill',155,'2012-05-08 04:55:11',1,NULL),(1416,'yt:bwAw9ThDQmk','The Animals','House of the Rising Sun',249,'2012-05-08 04:55:11',1,NULL),(1417,'yt:_H6PdlJshCo','The Beatles','Penny Lane',182,'2012-05-08 04:55:11',1,NULL),(1418,'yt:0OLWgrr671g','Emerson, Lake & Palmer','Fanfare For the Common Man',534,'2012-05-08 04:55:11',1,NULL),(1419,'yt:9jK-NcRmVcw','Europe','The Final Countdown',256,'2012-05-08 04:55:11',1,NULL),(1420,'yt:o1tj2zJ2Wvg','Guns N\' Roses','Welcome To The Jungle',275,'2012-05-08 04:55:11',1,NULL),(1421,'yt:rNQRfBAzSzo','Queen','Another One Bites The Dust',212,'2012-05-08 04:55:11',1,NULL),(1422,'yt:_QtJh7Akb7s','Rush','Tom Sawyer',285,'2012-05-08 04:55:11',1,NULL),(1423,'yt:_SDvb3cjPQg','Toy Dolls','James Bond Lives Down our Street',208,'2012-05-08 04:55:11',1,NULL),(1424,'yt:p5PQnngPX00','The Ramones','We Want The Airwaves',196,'2012-05-08 04:55:11',1,NULL),(1425,'yt:NKxMueL61z0','Belfegore','All That I Wanted',256,'2012-05-08 04:55:11',1,NULL),(1426,'yt:LoF_a0-7xVQ','Suicidal Tendencies','Institutionalized',255,'2012-05-08 04:55:11',1,NULL),(1427,'yt:pEcpwSenouQ','Iron Maiden','Aces High',311,'2012-05-08 04:55:11',1,NULL),(1428,'yt:2BfkzfW770g','Rush','The Body Electric',304,'2012-05-08 04:55:11',1,NULL),(1429,'yt:5UWRypqz5-o','Steppenwolf','Born to be wild',191,'2012-05-08 04:55:12',1,NULL),(1430,'yt:fjekVN62sPk','Guns N\' Roses','Mr. Brownstone',224,'2012-05-08 04:55:12',1,NULL),(1431,'yt:N-uyWAe0NhQ','Madness','One Step Beyond',150,'2012-05-08 04:55:12',1,NULL),(1432,'yt:pHCdS7O248g','Blondie','Rapture',295,'2012-05-08 04:55:12',1,NULL),(1433,'yt:pIgZ7gMze7A','Wham!','Wake Me Up Before You Go-Go',231,'2012-05-08 04:55:12',1,NULL),(1434,'yt:pJrU9RIurFE','Heaven 17','Let Me Go',267,'2012-05-08 04:55:12',1,NULL),(1435,'yt:q4-hixGlELw','Propaganda','Duel',291,'2012-05-08 04:55:12',1,NULL),(1436,'yt:qLl44pj7a70','Plastics','Top Secret Man',147,'2012-05-08 04:55:12',1,NULL),(1437,'yt:qdt2DJQ-pyk','QED','Everywhere I Go',209,'2012-05-08 04:55:12',1,NULL),(1438,'yt:u1xrNaTO1bI','Depeche Mode','Personal Jesus',232,'2012-05-08 04:55:12',1,NULL),(1439,'yt:n7t7cGwN7_0','The B-52s','Private Idaho',200,'2012-05-08 04:55:12',1,NULL),(1440,'yt:YCA8cFCL9_w','George Kranz','Din da da',224,'2012-05-08 04:55:12',1,NULL),(1441,'yt:nqh9pKPalWo','Wish Key','Orient Express',236,'2012-05-08 04:55:12',1,NULL),(1442,'yt:nv0ENvpaHVQ','Laura Branigan','Gloria',233,'2012-05-08 04:55:12',1,NULL),(1443,'yt:szfIDtAlV2Y','Alphaville','Dance With Me',240,'2012-05-08 04:55:12',1,NULL),(1444,'yt:IsvfofcIE1Q','Depeche Mode','Master and Servant',230,'2012-05-08 04:55:12',1,NULL),(1445,'yt:qt0-4FzoNgw','The Angels','Face The Day',236,'2012-05-08 04:55:12',1,NULL),(1446,'yt:qxZInIyOBXk','Pat Benatar','We Belong',218,'2012-05-08 04:55:12',1,NULL),(1447,'yt:r0qBaBb1Y-U','Phil Collins','Sussudio',316,'2012-05-08 04:55:12',1,NULL),(1448,'yt:oIb9QUGjdIc','Berlin','No More Words',247,'2012-05-08 04:55:12',1,NULL),(1449,'yt:oOg5VxrRTi0','Duran Duran','Hungry Like The Wolf',222,'2012-05-08 04:55:12',1,NULL),(1450,'yt:oc-P8oDuS0Q','Dexy\'s Midnight Runners','Come On Eileen',228,'2012-05-08 04:55:12',1,NULL),(1451,'yt:omfiVkkJ1OU','Inner City','Big Fun',202,'2012-05-08 04:55:12',1,NULL),(1452,'yt:p3j2NYZ8FKs','Pet Shop Boys','West End Girls',236,'2012-05-08 04:55:12',1,NULL),(1453,'yt:rJE_Sc1Wags','Eurythmics','Sweet Dreams',292,'2012-05-08 04:55:12',1,NULL),(1454,'yt:leohcvmf8kM','The B-52s','Love Shack',259,'2012-05-08 04:55:12',1,NULL),(1455,'yt:ljIQo1OHkTI','Simple Minds','Alive And Kicking',327,'2012-05-08 04:55:12',1,NULL),(1456,'yt:lyl5DlrsU90','Frankie Goes To Hollywood','Relax',233,'2012-05-08 04:55:12',1,NULL),(1457,'yt:m17rt_xo9x0','Missing Persons','Mental Hopscotch',209,'2012-05-08 04:55:12',1,NULL),(1458,'yt:m8DQzdtPlSQ','Regrets','Je ne veux pas rentrer chez moi seule',134,'2012-05-08 04:55:12',1,NULL),(1459,'yt:JbWj951Bt2U','Depeche Mode','Strangelove',286,'2012-05-08 04:55:12',1,NULL),(1460,'yt:rOM0qqi_pi4','The Pointer Sisters','Jump',229,'2012-05-08 04:55:12',1,NULL),(1461,'yt:rVuwXM9u2ps','Spandau Ballet','Gold',229,'2012-05-08 04:55:12',1,NULL),(1462,'yt:rmGxh1FhtxE','Thomas Dolby','Hyperactive!',249,'2012-05-08 04:55:12',1,NULL),(1463,'yt:rnuC-VpCXuM','The Suburban Lawns','Janitor',166,'2012-05-08 04:55:12',1,NULL),(1464,'yt:rwTTGnDcwoA','Junior','Mama Used To Say',214,'2012-05-08 04:55:12',1,NULL),(1465,'yt:s86K-p089R8','Bon Jovi','Runaway',259,'2012-05-08 04:55:12',1,NULL),(1466,'yt:sOnqjkJTMaA','Michael Jackson','Thriller',823,'2012-05-08 04:55:12',1,NULL),(1467,'yt:YKxErMpQmqY','Lenny Zakatek','Games People Play',198,'2012-05-08 04:55:12',1,NULL),(1468,'yt:snsTmi9N9Gs','Madonna','Open Your Heart',266,'2012-05-08 04:55:12',1,NULL),(1469,'yt:swQi4CAzmrA','Men At Work','Who Can It Be Now',206,'2012-05-08 04:55:12',1,NULL),(1470,'yt:mIWOhisqrP8','The Housemartins','Sheep',131,'2012-05-08 04:55:12',1,NULL),(1471,'yt:bFOjktDN0IA','Public Image Ltd','Seattle',198,'2012-05-08 04:55:12',1,NULL),(1472,'yt:tSNWeXGZMcU','Colonel Abrams','Trapped',251,'2012-05-08 04:55:12',1,NULL),(1473,'yt:tgFh4RHgn0A','Billy Idol','White Wedding',252,'2012-05-08 04:55:12',1,NULL),(1474,'yt:kEwlRbey57U','Sparks','Tryouts For The Human Race',190,'2012-05-08 04:55:12',1,NULL),(1475,'yt:9DqK2PkFgtw','Pink Floyd','Comfortably Numb',379,'2012-05-08 04:55:12',1,NULL),(1476,'yt:NEOem7U2LPE','Berlin','Take my breath away',254,'2012-05-08 04:55:12',1,NULL),(1477,'yt:fJ9rUzIMcZQ','Queen','Bohemian Rhapsody',364,'2012-05-08 04:55:12',1,NULL),(1478,'yt:tnAQRodZNp0','The English Beat','I Confess',217,'2012-05-08 04:55:12',1,NULL),(1479,'yt:uIQMTo6ryh8','Echo & The Bunnymen','Lips Like Sugar',285,'2012-05-08 04:55:12',1,NULL),(1480,'yt:uPudE8nDog0','The Human League','Don\'t You Want Me',206,'2012-05-08 04:55:12',1,NULL),(1481,'yt:uRo426va26I','Midnight Star','Freak-A-Zoid',244,'2012-05-08 04:55:12',1,NULL),(1482,'yt:uXMd6pPobQA','My Mine','Zorro',202,'2012-05-08 04:55:12',1,NULL),(1483,'yt:BsIzcHb5Ois','Los Toreros Muertos','Yo No Me Llamo Javier',198,'2012-05-08 04:55:12',1,NULL),(1484,'yt:ZVjS5pFTAYs','Max Him','No Escape',261,'2012-05-08 04:55:12',1,NULL),(1485,'yt:ZHwVBirqD2s','Elton John','I\'m Still Standing',185,'2012-05-08 04:55:12',1,NULL),(1486,'yt:uttV1VZUgQQ','Erasure','Chains of Love',222,'2012-05-08 04:55:12',1,NULL),(1487,'yt:y7I5UaB7mx4','Pet Shop Boys','It\'s a Sin',301,'2012-05-08 04:55:12',1,NULL),(1488,'yt:uwOMSbmykj8','Ken Laszlo','Tonight',246,'2012-05-08 04:55:12',1,NULL),(1489,'yt:v1M55Ux6oUQ','Mistral','Starship 109',180,'2012-05-08 04:55:12',1,NULL),(1490,'yt:vFTxqMg-OKQ','Falco','Vienna Calling',378,'2012-05-08 04:55:12',1,NULL),(1491,'yt:vJChh7ghGnE','Quiet Riot','Bang Your Head',297,'2012-05-08 04:55:12',1,NULL),(1492,'yt:vSME53nL8tg','INXS','What You Need',215,'2012-05-08 04:55:12',1,NULL),(1493,'yt:w-NshzYK9y0','Van Halen','Panama',223,'2012-05-08 04:55:12',1,NULL),(1494,'yt:wFaIhDLb_NE','Soft Cell','Bed Sitter',215,'2012-05-08 04:55:12',1,NULL),(1495,'yt:wRWunSUmEm4','X','Johnny Hit And Run Paulene',182,'2012-05-08 04:55:12',1,NULL),(1496,'yt:9jumW89VSq8','Mala Vida','Mano Negra',189,'2012-05-08 04:55:12',1,NULL),(1497,'yt:wacfM3NRb_8','Lynyrd Skynyrd','Free Bird',601,'2012-05-08 04:55:12',1,NULL),(1498,'yt:wccHFyWaoiU','Fancy','Chinese Eyes',245,'2012-05-08 04:55:12',1,NULL),(1499,'yt:whSYTSXm8wo','The Jam','Going Underground',185,'2012-05-08 04:55:12',1,NULL),(1500,'yt:wlq0lYB3iSM','Van Halen','Jump',242,'2012-05-08 04:55:12',1,NULL),(1501,'yt:x1U1Ue_5kq8','Killing Joke','80s',232,'2012-05-08 04:55:12',1,NULL),(1502,'yt:xQLWMvJ3sp4','SAGA','On The Loose',249,'2012-05-08 04:55:12',1,NULL),(1503,'yt:x8RKbGgBXSQ','Ultravox','The Voice',261,'2012-05-08 04:55:12',1,NULL),(1504,'yt:xG3yGdQYwqg','Julie Brown','Homecoming Queen\'s got a gun',298,'2012-05-08 04:55:12',1,NULL),(1505,'yt:KfDoPEN7n5k','The Housemartins','Happy Hour',157,'2012-05-08 04:55:12',1,NULL),(1506,'yt:xLb9jPuDS9Y','Yello','Oh Yeah',183,'2012-05-08 04:55:12',1,NULL),(1507,'yt:xTAjEIzDKMY','Taco','Singing in the Rain',219,'2012-05-08 04:55:12',1,NULL),(1508,'yt:4yng-EO_IJA','Righeira','Vamos a la playa',212,'2012-05-08 04:55:12',1,NULL),(1509,'yt:xTzMeDiv-7U','The Fixx','Less Cities, More Moving People',227,'2012-05-08 04:55:12',1,NULL),(1510,'yt:xrOek4z32Vg','Fine Young Cannibals','Good Thing',213,'2012-05-08 04:55:12',1,NULL),(1511,'yt:yURRmWtbTbo','Michael Jackson','Don\'t Stop \'Til You Get Enough',252,'2012-05-08 04:55:12',1,NULL),(1512,'yt:yiy9eOrifS8','Futurisk','Army Now',270,'2012-05-08 04:55:12',1,NULL),(1513,'yt:zExFchzV5UQ','OMD','Electricity',225,'2012-05-08 04:55:12',1,NULL),(1514,'yt:zJv5qLsLYoo','Dead or Alive','Spin me round',183,'2012-05-08 04:55:12',1,NULL),(1515,'yt:V-xpJRwIA-Q','Wang Chung','Dance Hall Days',238,'2012-05-08 04:55:12',1,NULL),(1516,'yt:zMAe31FFHbo','Naked Eyes','Always Something There',221,'2012-05-08 04:55:12',1,NULL),(1517,'yt:zTUR1ohVZfQ','Modernettes','Barbra',118,'2012-05-08 04:55:12',1,NULL),(1518,'yt:zU9lv_WqK6k','Genesis','Land of Confusion',331,'2012-05-08 04:55:12',1,NULL),(1519,'yt:zaPskhuQWVI','Den Harrow','Mad Desire',220,'2012-05-08 04:55:12',1,NULL),(1520,'yt:vWz9VN40nCA','Olivia Newton-John','Physical',224,'2012-05-08 04:55:12',1,NULL),(1521,'yt:zeH2Um-yOrA','Vanessa','Upside Down',188,'2012-05-08 04:55:12',1,NULL),(1522,'yt:zyUZRKNc8jk','Mandy','Positive Reaction',207,'2012-05-08 04:55:12',1,NULL),(1523,'yt:ILWSp0m9G2U','Irene Cara','Flasdance (What A Feeling)',198,'2012-05-08 04:55:12',1,NULL),(1524,'yt:ThHz9wlBeLU','Madonna','Lucky Star',243,'2012-05-08 04:55:12',1,NULL),(1525,'yt:JH3WvI_S6-k','Bananarama','Venus',213,'2012-05-08 04:55:12',1,NULL),(1526,'yt:OkE3piTWME8','Sylvester','Can\'t Stop Dancing',207,'2012-05-08 04:55:12',1,NULL),(1527,'yt:E5gNYVia2rg','Boney M','Daddy Cool',202,'2012-05-08 04:55:12',1,NULL),(1528,'yt:sXD43jjG0jQ','Evelyn Champagne King','Shame',216,'2012-05-08 04:55:12',1,NULL),(1529,'yt:1Hm08f5b8tc','Amii Stewart','Knock on Wood',240,'2012-05-08 04:55:12',1,NULL),(1530,'yt:BUj8NlnHPbA','Double Exposure','Ten Percent',150,'2012-05-08 04:55:12',1,NULL),(1531,'yt:-D9PdjuuwNM','First Choice','Armed And Extremely Dangerous',144,'2012-05-08 04:55:12',1,NULL),(1532,'yt:fcpj1j31jWc','The Flirts','Passion',265,'2012-05-08 04:55:12',1,NULL),(1533,'yt:IwK67UvWPJs','Cissy Houston','Think It Over',181,'2012-05-08 04:55:12',1,NULL),(1534,'yt:ZgPe1MdL7VQ','Voyage','From East To West',431,'2012-05-08 04:55:12',1,NULL),(1535,'yt:kvDMlk3kSYg','Boney M','Rasputin',282,'2012-05-08 04:55:12',1,NULL),(1536,'yt:kwb9-OlQimc','Culture Club','I\'ll Tumble 4 Ya',157,'2012-05-08 04:55:12',1,NULL),(1537,'yt:f49ELXpzyHE','Toni Basil','Mickey',215,'2012-05-08 04:55:12',1,NULL),(1538,'yt:xrzX8rIwZUw','Shannon','Give me Tonight',230,'2012-05-08 04:55:12',1,NULL),(1539,'yt:1TKQcWEXSKU','Donna Summer','She Works Hard For the Money',249,'2012-05-08 04:55:12',1,NULL),(1540,'yt:oEh5pWjcWCg','Soft Cell','Tainted Love',159,'2012-05-08 04:55:12',1,NULL),(1541,'yt:m3-hY-hlhBg','Whitney Houston','How Will I Know',273,'2012-05-08 04:55:12',1,NULL),(1542,'yt:1BDJt30FmzI','Madonna','Like A Virgin',229,'2012-05-08 04:55:12',1,NULL),(1543,'yt:zfytdyMy2-k','Split Enz','I See Red',207,'2012-05-08 04:55:12',1,NULL),(1544,'yt:zpiUEbxAMxk','Danse Society','Say It Again',207,'2012-05-08 04:55:12',1,NULL);
/*!40000 ALTER TABLE `videos` ENABLE KEYS */;
UNLOCK TABLES;
/*!40103 SET TIME_ZONE=@OLD_TIME_ZONE */;

/*!40101 SET SQL_MODE=@OLD_SQL_MODE */;
/*!40014 SET FOREIGN_KEY_CHECKS=@OLD_FOREIGN_KEY_CHECKS */;
/*!40014 SET UNIQUE_CHECKS=@OLD_UNIQUE_CHECKS */;
/*!40101 SET CHARACTER_SET_CLIENT=@OLD_CHARACTER_SET_CLIENT */;
/*!40101 SET CHARACTER_SET_RESULTS=@OLD_CHARACTER_SET_RESULTS */;
/*!40101 SET COLLATION_CONNECTION=@OLD_COLLATION_CONNECTION */;
/*!40111 SET SQL_NOTES=@OLD_SQL_NOTES */;

-- Dump completed on 2005-12-31 19:38:24
